BUSINESS_ID,STORE_ID,RESTAURANT NAME,ADDRESS,INSTAGRAM HANDLE
58904,26291706,Teapioca Lounge,"15 Alafaya Woods Blvd, Oviedo, FL 32765, USA",teapiocasouthpark
198166,1459095,Hook & Reel Cajun Seafood & Bar,"2375 Central Park Ave, Yonkers, NY 10710, USA",hookandreel.usa
12019,27680552,Wayback Burgers,"1110 S Gilbert Rd, Gilbert, AZ 85296, USA",waybackburgers
14089,31334573,Pollo Campero,"3730 NW 79th Ave, Miami, FL 33166, USA",camperousa
12626898,27581109,Kura Revolving Sushi Bar,"1600 Ethan Way suite 10, Sacramento, CA 95825, USA",kurasushi_usa
25994,339532,Deli Man,"200 Ocean Ave, San Francisco, CA 94112, USA",deli_mansf
5015,609065,Hopdoddy Burger Bar,"4906 Town Center Pkwy, Unit 408, Jacksonville, FL 32246, USA",hopdoddy
10765,1449301,Menchie’s Frozen Yogurt,"2636 Timber Dr, Garner, NC 27529, USA",mymenchies
4076,232440,Benihana,"45 W 56th St, New York, NY 10019, USA",benihana
11293032,24187859,Catering by Starbird,"429 CA-1, Hermosa Beach, CA 90254, USA",starbirdchicken
41612,274145,The Pizza Press,"6079 W Irlo Bronson Memorial Hwy, Kissimmee, FL 34747, USA",thepizzapress
14089,512804,Pollo Campero,"8618 S Garfield Ave, South Gate, CA 90280, USA",camperousa
11238949,31670151,Plentiful: Bowls & Salads,"5905 N Mesa St, El Paso TX 79912-4603, United States",p
40992,34081529,STK Steakhouse,"Topanga Plaza Mall, 6600 Topanga Canyon Blvd, Canoga Park CA 91303-2609, United States",eatstk
11887014,26269969,giulianas just for you,"732 22nd St, San Francisco, CA 94107, USA",giulianasjustforyou
13045410,30396825,Lazzat Halal Indian Grill & Bar,"9308 Anderson Mill Rd, Austin TX 78729-4407, United States",lazzat_halalrestaurant
48195,266673,Mangieri's Pizza Cafe,"2133 Lohmans Crossing Rd, Lakeway, TX 78734, USA",mangierispizzacafe
38871,32117377,Jeni's Splendid Ice Creams,"15323 N Scottsdale Rd, Scottsdale AZ 85254-2481, United States",jenisicecreams
14089,79449,Pollo Campero,"3229 14th St NW, Washington, DC 20010, USA",camperousa
39328,1805688,Ike's Love & Sandwiches,"1101 S Fort Apache Rd, Las Vegas, NV 89117, USA",ikessandwiches
12019,24556281,Wayback Burgers,"5585 Hamilton Blvd a, Allentown, PA 18106, USA",waybackburgers
15966,28105481,Postino,"2100 Kettner Blvd #1800, San Diego, CA 92101, USA",postinowinecafe
2477,1344433,See's Candies,"3401 Dale Rd, Modesto CA 95356-0505, United States",seescandies
2804,3434,Stem Kitchen & Garden,"499 Illinois St, San Francisco, CA 94158, USA",stemsf
39328,24410619,Ike's Love & Sandwiches,"24921 S Ellsworth Rd #150, Queen Creek, AZ 85142, USA",ikessandwiches
39310,30957925,Via 313 Pizzeria,"1541 N Shepherd Dr, Houston TX 77008-3755, United States",via313pizza
231,37481,The Posh Bagel,"4037 Piedmont Ave, Oakland, CA 94611, USA",theposhbagel_embarcadero
11799162,29040303,Las katrinas,"2101 Lombard St, San Francisco CA 94123-2712, United States",taquerialaskatrinas
6976,32038991,Paris Baguette,"1659 W Orangethorpe Ave, Fullerton CA 92833-4535, United States",parisbaguette_usa
707106,328767,Gong Cha,"136 Willoughby St, Brooklyn, NY 11201, USA",gongchatea
3256,103119,Gyu-Kaku Japanese BBQ,"7858 Turkey Lake Rd #100, Orlando, FL 32819, USA",gyukakuaustin
20630,61216,Biryani Pot,"2501 W Parmer Ln, Austin, TX 78758, USA",biryanipotaustin
12626898,27555327,Kura Revolving Sushi Bar,"415 Cinema Dr, Pittsburgh, PA 15203, USA",kurasushi_usa
10765,1413644,Menchie’s Frozen Yogurt,"257 N Cattlemen Rd #85, Sarasota, FL 34243, USA",mymenchies
4101,4715,The Grind,"783 Haight St, San Francisco, CA 94117, USA",thegrindsf
6976,921282,Paris Baguette,"990 6th Ave, New York, NY 10018, USA",parisbaguette_usa
82085,25730184,bb.q Chicken,"4065 Ball Rd, Cypress, CA 90630, USA",bbqchickenus
1026244,2626038,Suds Monkey Brewing Company,"12024 W Us Highway 290, Austin TX 78737-2839, United States",sudsmonkeytx
10765,79125,Menchie’s Frozen Yogurt,"8302 Northfield Blvd #1560, Denver, CO 80238",mymenchies
20726,647370,Gus's World Famous Fried Chicken,"300 President Clinton Ave, Little Rock, AR 72201, USA",gusfriedchicken
42026,24030029,Teriyaki Madness,"1525 Park Central Dr #300, Highlands Ranch, CO 80129, USA",teriyakimadnessroundrock
10928,23279884,Another Broken Egg Cafe,"1000 Highland Colony Pkwy #1009, Ridgeland, MS 39157, USA",anotherbrokenegg
4015,4720,Saffron Grill,"1279 Fulton St, San Francisco, CA 94117, USA",saffron_restaurants
2477,1207749,See's Candies,"2005 Crow Canyon Pl, San Ramon, CA 94583, USA",seescandies
244205,31655025,Wu Chow,"500 W 5th St, Austin TX 78701-3830, United States",wuchowaustin
82085,2355915,bb.q Chicken,"1246 E Colonial Dr, Orlando, FL 32803, USA",bbqchickenus
12718943,27796668,四姐 Special Noodle,"13729 Research Blvd, Austin, TX 78750, USA",specialnoodle.tx
10765,2431196,Menchie’s Frozen Yogurt,"4645 Casey Blvd #100, Williamsburg, VA 23188, USA",mymenchies
11773775,33690403,Feng Cha,"8141 Highway 6 Ste 200, Missouri City TX 77459-3897, United States",fengchaaustin
22343,33066,Java Beach Cafe,"1396 La Playa St, San Francisco, CA 94122, USA",javabeachsf
9144,441664,"Cheba Hut ""Toasted"" Subs","339 E 11th Ave, Eugene, OR 97401, USA",chebahut
10765,24552720,Menchie’s Frozen Yogurt,"16645 Sierra Lakes Pkwy, Fontana, CA 92336, USA",mymenchies
707106,2521567,Gong Cha,"Queens Center Mall, 90-15 Queens Blvd, Elmhurst, NY 11373, USA",gongchatea
1015170,25859472,The Well,"501 Brazos St, Austin, TX 78701, USA",eatwellatx
42380,26282218,El Pollo Rico,"1815 Airport Blvd, Austin, TX 78702, USA",polloricotx
194754,1920040,The Port of Peri Peri,"13951 Manchester Rd, Ballwin, MO 63011, USA",portofperiperi
11454026,24690649,Catering by Benihana,"16226 Ventura Blvd, Los Angeles, CA 91436, USA",benihana
15494,23839,"Snooze, an A.M. Eatery","15054 N Scottsdale Rd, Scottsdale, AZ 85254, USA",snoozeameatery
155815,297412,Scullery,"687 Geary St, San Francisco, CA 94102, USA",scullerysf
33158,2378393,Kale Me Crazy,"6600 Alastair Dr #400, Sandy Springs, GA 30328, USA",kalemecrazyatx
16509,27566622,Ben & Jerry's,"25 E Broughton St #1b, Savannah, GA 31401, USA",benandjerrys
5084,1025428,Gong cha,"1650 Wilson Blvd, Arlington, VA 22209, USA",bobakingsf
11238949,28447815,Plentiful: Bowls & Salads,"1703 Texas Pkwy Ste A, Missouri City TX 77489-2264, United States",p
423605,365651,Rudy's Country Store and BBQ,"7970 Gateway Blvd E, El Paso, TX 79907, USA",rudysbbq
16509,23088335,Ben & Jerry's,"2423 Main St, Lake Placid, NY 12946, USA",benandjerrys
12626898,27580989,Kura Revolving Sushi Bar,"19600 Vallco Pkwy, Cupertino, CA 95014, USA",kurasushi_usa
7113,31325617,Pappasito's Cantina,"20099 Gulf Fwy, Webster TX 77598-3810, United States",pappasitos
31562,31458221,85C Bakery Cafe,"7280 W Bell Rd, Glendale AZ 85308-8528, United States",85cbakerycafe
4076,20620,Benihana,"11840 Fountains Way, Maple Grove, MN 55369, USA",benihana
11454026,24690869,Catering by Benihana,"500 W Germantown Pike, Plymouth Meeting, PA 19462, USA",benihana
12851313,28124936,Pappadeaux Seafood Kitchen,"10795 Davis Dr, Alpharetta, GA 30009, USA",pappadeaux
58162,113288,Bill Miller BBQ,"10676 Toepperwein Rd, San Antonio, TX 78109, USA",BillMillerBarBQ
2732,2991,Boudin Bakery,"901 S Coast Dr N100, Costa Mesa, CA 92626, USA",boudinbakery
231,23608542,The Posh Bagel,"125 W Main St, Los Gatos, CA 95030, USA",theposhbagel_embarcadero
1101,30430,Ramen Yamadaya,"3118 W 182nd St, Torrance, CA 90504, USA",yamadayaramen
82085,25019547,bb.q Chicken,"1761 Lincoln Hwy, Edison, NJ 08817, USA",bbqchickenus
14154279,35601671,Barry's Fuel Bar,"510 Driggs Ave, Brooklyn NY 11211-2018, United States",barrys
113972,211615,Benihana,"1496 Old Bayshore Hwy, Burlingame, CA 94010, USA",Benihana
14367915,34487261,Chimmelier,"3905 Broadway, Oakland CA 94611-5615, United States",chimmelier
78417,24309637,Happy Lemon,"2042 Nut Tree Rd, Vacaville, CA 95687, USA",happylemon.usa
113972,211656,Benihana,"11840 Fountains Way, Maple Grove, MN 55369, USA",Benihana
4076,28615707,Benihana,"2 Riverfront Pl, North Little Rock AR 72114-5653, United States",benihana
40963,63948,Modena Pizza & Ice Cream,"32 6th St, San Francisco, CA 94103, USA",modenapizzanicecream
5275,243961,True Food Kitchen,"168 W Colorado Blvd, Pasadena, CA 91105, USA",livetruefood
14089,78699,Pollo Campero,"5852 Columbia Pike, Falls Church, VA 22041, USA",camperousa
10928,1063623,Another Broken Egg Cafe,"1079 Alafaya Trail #1223, Oviedo, FL 32765, USA",anotherbrokenegg
130364,240874,Down South Texas BBQ,"1716 W Howard Ln, Austin, TX 78728, USA",dstbbq
155590,1785485,Fish & Farm,"424 Clay St, San Francisco, CA 94111, USA",fishandfarmsf
944,487351,Mendocino Farms,"11960 Ventura Blvd, Studio City, CA 91604, USA",mendocinofarms
1125,1201974,Which Wich,"539 Cool Springs Blvd #100, Franklin, TN 37067, USA",whichwich
14089,24460569,Pollo Campero,"5254 Jimmy Carter Blvd, Norcross, GA 30093, USA",camperousa
156787,2188516,Blue Bottle Coffee,"4270 Broadway, Oakland, CA 94611, USA",bluebottle
228537,30964411,The Salty Donut,"3985 Tennyson St Ste 100, Denver CO 80212-2476, United States",thesaltydonut
52403,23374643,Poke Bar,"442 W Huntington Dr, Monrovia, CA 91016, USA",pokebar
5890,31491,Lou's Cafe,"1508 Taraval St, San Francisco, CA 94116, USA",loussandwiches
12837763,28090641,San Francisco Meat Co.,"320 Fell St, San Francisco, CA 94102, USA",sanfranciscomeatco
15494,25993297,"Snooze, an A.M. Eatery","801 Division St, Nashville, TN 37203, USA",snoozeameatery
19263,803440,Joe & The Juice,"400 K St NW, Washington, DC 20001, USA",joeandthejuice
42026,32076635,Teriyaki Madness,"2659 Macarthur Rd, Whitehall PA 18052-3818, United States",teriyakimadnessroundrock
11481148,29306959,Nautical Bowls,"620 Rigsbee Ave, Durham NC 27701-2137, United States",nauticalbowlsaustin
4,1664391,Curry Up Now,"24 S Main St #2A, Alpharetta, GA 30009, USA",curryupnow
21970,636534,Smitten Ice Cream,"355 Santana Row, San Jose, CA 95128, USA",smittenicecream
2351,612199,SusieCakes,"3509 California St, San Francisco, CA 94118, USA",susiecakesbakery
4076,226439,Benihana,"1985 W Big Beaver Rd, Troy, MI 48084, USA",benihana
12019,715675,Wayback Burgers,"320 E Elm St, Torrington, CT 06790, USA",waybackburgers
78417,134977,Happy Lemon,"133-35 Roosevelt Ave, Flushing, NY 11354, USA",happylemon.usa
13453975,35087441,Effin Egg,"723 8th St Se, Washington DC 20003-2802, United States",toastnegg_usa
11459832,24687199,Hidden Spot EXL,"4528 Mission St, San Francisco, CA 94112, USA",hidden_exl
94886,30969391,Lady M Cake Boutique,"812 43rd, Long Island City NY 11101-6820, United States",ladymcakesxbaccarat
33158,1797477,Kale Me Crazy,"2929 N Druid Hills Rd NE, Atlanta, GA 30329, USA",kalemecrazyatx
6976,972561,Paris Baguette,"20735 Stevens Creek Blvd, Cupertino, CA 95014, USA",parisbaguette_usa
5015,323453,Hopdoddy Burger Bar,"1200 Chisholm Trail, Euless, TX 76039, USA",hopdoddy
4121,5013,Amarena,"2162 Larkin Street, San Francisco, CA 94109, USA",amarena_restaurant
4076,22890,Benihana,"850 Louisiana Ave S, Minneapolis, MN 55426, USA",benihana
21862,24558986,Chez Maman,"1401 18th St, San Francisco, CA 94107, USA",chezmamansf
526,2320,Pancho Villa Taqueria,"3071 16th Street, San Francisco, CA 94103, USA",panchovillasanfrancisco
2477,2709,See's Candies,"4734 Admiralty Way B5, Marina Del Rey, CA 90292, USA",seescandies
4576,2625702,Beard Papa's,"16 S Fair Oaks Ave, Pasadena, CA 91105, USA",beardpapas
58162,994871,Bill Miller BBQ,"19715 I-35 S, Lytle, TX 78052, USA",BillMillerBarBQ
33158,33951339,Kale Me Crazy,"61 Linton St Ste. 2104, Woodstock, GA 30188, USA",kalemecrazyatx
3256,1076178,Gyu-Kaku Japanese BBQ,"7865 W 159th St, Overland Park, KS 66223, USA",gyukakuaustin
2477,1344421,See's Candies,"12000 SE 82nd Ave #1084, Happy Valley, OR 97086, USA",seescandies
40992,985612,STK Steakhouse,"26 Little W 12th St, New York, NY 10014, USA",eatstk
11365526,24375461,Sears Fine Food,"439 Powell St, San Francisco, CA 94102, USA",sears_fine_food
45294,22986796,Handel's Homemade Ice Cream,"207 Main St, Vista, CA 92084, USA",handelsandersonmill
12729064,27820514,Cafe De Olla,"3388 19th St, San Francisco, CA 94110, USA",cafedeolla.sf
6976,35208024,Paris Baguette,"804 Davis St, Evanston IL 60201-4402, United States",parisbaguette_usa
11773775,25117920,Feng Cha,"100 Foundry Dr suite 14, West Lafayette, IN 47906, USA",fengchaaustin
11525703,20826,Godavari,"9 Cummings Park Dr, Woburn, MA 01801, USA",austin_godavari
155856,297459,San Wang Restaurant,"1682 Post St, San Francisco, CA 94115, USA",sanwangrestaurant
1029137,2635512,Loro Asian Smokehouse,"1812 N Haskell Ave., Dallas, TX 75204, USA",loroeats
58904,35158119,Teapioca Lounge,"6838 South Clack Street, Abilene, TX 79606, USA",teapiocasouthpark
2477,1344435,See's Candies,"940 Fort Union Blvd, Midvale, UT 84047, USA",seescandies
42026,27598384,Teriyaki Madness,"4707 W Foster Ave b 3, Chicago, IL 60630, USA",teriyakimadnessroundrock
36522,640752,Teaspoon,"1698 Hostetter Rd, San Jose, CA 95131, USA",teaspoonlife
13782045,32284413,El Parche Colombiano,"10501 N Interstate 35, Austin TX 78753-3815, United States",el_parche_colombiano
403013,900182,MAGIC FLUTE RESTAURANT,"3673 Sacramento St, San Francisco, CA 94118, USA",magicfluterestaurant
45294,24254637,Handel's Homemade Ice Cream,"6137 N Scottsdale Rd b 112, Scottsdale, AZ 85250, USA",handelsandersonmill
42553,833374,Bush's Chicken,"3411 Williams Dr, Georgetown, TX 78628, USA",bushschickenatx
110088,207324,Vanida Thai Kitchen,"3050 Taraval St, San Francisco, CA 94116, USA",vanidathaikitchen
6976,24561901,Paris Baguette,"100 W 4th St, Cincinnati, OH 45202, USA",parisbaguette_usa
1125,882555,Which Wich,"67 W Rand Rd, Arlington Heights, IL 60004, USA",whichwich
42026,31247295,Teriyaki Madness,"13963 S Virginia St, Reno NV 89511-2907, United States",teriyakimadnessroundrock
45294,27971028,Handel's Homemade Ice Cream,"5225 Canyon Crest Dr, Riverside, CA 92507, USA",handelsandersonmill
311671,681999,Five Star Truffles,"4251A 18th St, San Francisco, CA, 94114",fivestartruffles
10,940975,Crepevine,"5600 College Ave, Oakland, CA 94618, USA",crepevinerestaurants
45294,25101024,Handel's Homemade Ice Cream,"2645 E Southlake Blvd, Southlake, TX 76092, USA",handelsandersonmill
11325244,25994707,The Yard Milkshake Bar,"1600 California St, Denver, CO 80202, USA",theyardmilkshakebar
39099,61372,Kublai Khan Crazy Mongolian Stir-Fry,"12901 N Interstate Hwy 35, Austin, TX 78753, USA",kublaikhanatx
5275,612023,True Food Kitchen,"874 N Stuart St, Arlington, VA 22203, USA",livetruefood
12599344,27490648,Bubu,"2417 California St, San Francisco, CA 94115, USA",bubusf_
707106,34542933,Gong Cha,"2 Elm Sq Ste 103, Andover MA 01810-3671, United States",gongchatea
10928,26216443,Another Broken Egg Cafe,"705 Palm Bay Rd NE, West Melbourne, FL 32904, USA",anotherbrokenegg
1430,5390,Pressed,"1181 Newport Center Dr, Newport Beach, CA 92660, USA",pressedjuicery
28022,42916,Fogo de Chão,"1513 Wynkoop St, Denver, CO 80202, USA",fogo
13086220,30863251,Sabor Venezolano,"270 Saint Claire Dr, Alpharetta GA 30004-5728, United States",saborvenezolano
113972,214737,Benihana,"755 Raintree Dr #100, Carlsbad, CA 92011, USA",Benihana
6976,27925144,Paris Baguette,"3470 W 6th St #4, Los Angeles, CA 90020, USA",parisbaguette_usa
390745,871490,Oye Taquito,"1710 E Cesar Chavez St, Austin, TX 78702, USA",oyetaquito956
11331939,24213307,Juice House Co.,"2985 Solano Ave, Napa, CA 94558, USA",juicehousejunkie
239289,532913,Serranos,"9500 S IH 35 Frontage Rd, Austin, TX 78748, USA",serranosaustin
42026,24909486,Teriyaki Madness,"2409 Veterans Blvd #12, Del Rio, TX 78840, USA",teriyakimadnessroundrock
2477,68430,See's Candies,"276 N El Camino Real Ste C, Encinitas, CA 92024, USA",seescandies
14141571,31562569,Graveyard Teapioca Lounge,"21150 Interstate 35, Kyle TX 78640-3066, United States",TeapiocaLounge
19263,800574,Joe & The Juice,"1114 Avenue of the Americas, New York, NY 10036, USA",joeandthejuice
5015,342552,Hopdoddy Burger Bar,"144 Century Ct #103, College Station, TX 77840",hopdoddy
10928,23173835,Another Broken Egg Cafe,"7701 Voice of America Centre Dr, West Chester Township, OH 45069, USA",anotherbrokenegg
13753841,32187747,DeccanSpiceKitchen,"3309 W State Highway 29, Georgetown, TX 78628, USA",deccanspicekitchenatx
16509,35232445,Ben & Jerry's,"9431 W Northern Ave, Glendale, AZ 85305, USA",benandjerrys
423605,409082,Rudy's Country Store and BBQ,"20500 Southwest Fwy, Richmond, TX 77469, USA",rudysbbq
31562,26311983,85C Bakery Cafe,"3013 Cochran St a, Simi Valley, CA 93065, USA",85cbakerycafe
10928,23279910,Another Broken Egg Cafe,"1720 Old Fannin Rd, Flowood, MS 39232, USA",anotherbrokenegg
43975,25106637,Pokeworks,"5001 S Cooper St #107, Arlington, TX 76017, USA",pokeworksco
11817329,26081994,Dumpling Bites,"1556 Noriega St, San Francisco, CA 94122, USA",dumpling_bites
45294,28537135,Handel's Homemade Ice Cream,"79630 Highway 111, La Quinta CA 92253-6515, United States",handelsandersonmill
25656,651914,54th Street,"2201 TX-121, Euless, TX 76039, USA",54thstreet
42026,24705163,Teriyaki Madness,"381 S Loop 336 W, Conroe, TX 77304, USA",teriyakimadnessroundrock
41612,78763,The Pizza Press,"5077 Lankershim Blvd, North Hollywood, CA 91601, USA",thepizzapress
11785331,25983663,Y Y coffee milk tea,"2620 Ocean Ave, San Francisco, CA 94132, USA",yy_coffee_milk_tea
82085,29873708,bb.q Chicken,"6370 Griffin Rd Unit C-111, Davie FL 33314-4424, United States",bbqchickenus
11325244,27957766,The Yard Milkshake Bar,"700 SW 5th Ave, Portland, OR 97204, USA",theyardmilkshakebar
243587,538527,2N1 Salad Bar and Grill,"901 W Braker Ln, Austin, TX 78758, USA",2n1saladbar
268812,596595,Ramen Eurasia,"1335 E Whitestone Blvd, Cedar Park, TX 78613, USA",eurasiaramen3
31562,582507,85C Bakery Cafe,"1697 Arden Way, Sacramento, CA 95815, USA",85cbakerycafe
14154279,35601675,Barry's Fuel Bar,"237 E 86th St, New York NY 10028-3114, United States",barrys
31562,467988,85C Bakery Cafe,"61 S Fair Oaks Ave #120, Pasadena, CA 91105, USA",85cbakerycafe
42026,29500851,Teriyaki Madness,"172 Deming St, Manchester CT 06042-5711, United States",teriyakimadnessroundrock
2351,2539,SusieCakes,,susiecakesbakery
3256,1076359,Gyu-Kaku Japanese BBQ,"329 S Ellsworth Ave, San Mateo, CA 94401, USA",gyukakuaustin
58162,2623731,Bill Miller BBQ,"3939 Rockport Rd, San Antonio, TX 78264, USA",BillMillerBarBQ
10765,313676,Menchie’s Frozen Yogurt,"11397 Montgomery Rd, Cincinnati, OH 45249, USA",mymenchies
11073608,22955574,Phoebe's Diner,"533 W Oltorf St, Austin, TX 78704, USA",phoebesdiner
1125,24915805,Which Wich,"264 Thetford St, Asheville, NC 28803, USA",whichwich
11805735,26046238,Kessho,"603 W Live Oak St, Austin, TX 78704, USA",kesshocacao
294632,24711775,Tiff's Treats,"City Centre, 797 Sorella Ct Ste 106, Houston, TX 77024, USA",tiffstreats
5018,931876,Salata Salad Kitchen,"3411 Nelson Rd #400, Lake Charles, LA 70605, USA",salatasalads
16509,231613,Ben & Jerry's,"5515 Kirby Dr, Houston, TX 77005, USA",benandjerrys
2775,62167,Oasis Grill,"91 Drumm St, San Francisco, CA 94111, USA",oasisgrill_ca
11216764,23568898,Bluestone Lane Café,"4874 Massachusetts Ave NW, Washington, DC 20016, USA",bluestonelane
41587,64866,Quik Dog by Trick Dog,"3010 20th St, San Francisco, CA 94110, USA",quik_dog
45294,1517855,Handel's Homemade Ice Cream,"2200 W Oceanfront, Newport Beach, CA 92663, USA",handelsandersonmill
82085,24768960,bb.q Chicken,"62 Boylston St, Boston, MA 02116, USA",bbqchickenus
5015,608043,Hopdoddy Burger Bar,"1370 E 70th St, Suite 100, Shreveport, LA 71105, USA",hopdoddy
78417,724040,Happy Lemon,"4633 Convoy St #107, San Diego, CA 92111, USA",happylemon.usa
2477,1344440,See's Candies,"7301 S Santa Fe Dr, Littleton, CO 80120, USA",seescandies
45294,35481121,Handel's Homemade Ice Cream,"16368 Village Way, Santa Clarita CA 91387-2108, United States",handelsandersonmill
11724360,25652797,The M Stop Deli,"2598 San Jose Avenue, San Francisco, CA 94112, USA",mstopdeli
109849,207617,Chile Lindo Empanadas,"2944 16th St, San Francisco, CA 94103, USA",chilelindosf
1125,24667100,Which Wich,"7200 Knightdale Blvd, Knightdale, NC 27545, USA",whichwich
11454026,24690693,Catering by Benihana,"850 Louisiana Ave S, Minneapolis, MN 55426, USA",benihana
12019,785714,Wayback Burgers,"1810 E Ridge Pike, Royersford, PA 19468, USA",waybackburgers
82085,25090900,bb.q Chicken,"1328 Grand Ave, St Paul, MN 55105, USA",bbqchickenus
13087008,30867757,Ember Grill,"670 Larkin St, San Francisco CA 94109-7911, United States",embergrillsf
237161,536898,Craig O's Pizza & Pastaria,"The Shops at Onion Creek, 11215 S I-35 Frontage Rd, Austin, TX 78747, USA",craigositalian
8877,207373,Mr. Pizza Man,"2680 22nd St, San Francisco, CA 94110, USA",mrpizzamansanfran
234427,524024,Black Sugar,"320 O'Farrell St, San Francisco, CA 94102, USA",blacksugarboba
10210,227355,La Madeleine French Bakery & Cafe,"1954 24th Ave NW, Norman, OK 73069, USA",lamadeleinecafe
11325244,29454876,The Yard Milkshake Bar,"185 Waterfront St, Oxon Hill MD 20745-1138, United States",theyardmilkshakebar
39328,24876979,Ike's Love & Sandwiches,"15062 Goldenwest St, Westminster, CA 92683, USA",ikessandwiches
14089,257043,Pollo Campero,"14083 Jefferson Davis Hwy, Woodbridge, VA 22191, USA",camperousa
82085,26183330,bb.q Chicken,"107 E Broadway, Glendale, CA 91205, USA",bbqchickenus
1125,23892,Which Wich,"23730 Westheimer Pkwy, Katy, TX 77494, USA",whichwich
11678145,25218359,Dots,"1330 Ocean Ave, San Francisco, CA 94112, USA",dots_boba
82085,26178672,bb.q Chicken,"17605 Bruce B Downs Blvd, Tampa, FL 33647, USA",bbqchickenus
1430,429650,Pressed,"2348 Park Ave, Tustin, CA 92782, USA",pressedjuicery
78417,25599419,Happy Lemon,"9585 SW Washington Square Rd, Portland, OR 97223, USA",happylemon.usa
23453,723546,QUICKLY (Bubble Tea & Fried Chicken),"1151 Galleria Blvd, Roseville, CA 95678, USA",QuicklyUSA
45294,23005178,Handel's Homemade Ice Cream,"13248 Jamboree Rd, Irvine, CA 92602, USA",handelsandersonmill
3256,134619,Gyu-Kaku Japanese BBQ,"4052 Main St Flushing, NY 11354 United States",gyukakuaustin
31562,326071,85C Bakery Cafe,"1183 S De Anza Blvd, San Jose, CA 95129, USA",85cbakerycafe
43975,1219971,Pokeworks,"2980 Cobb Pkwy SE ste 172, Atlanta, GA 30339, USA",pokeworksco
12019,25635628,Wayback Burgers,"1107 W Chester Pike, West Chester PA 19382-5004, United States",waybackburgers
10765,1595706,Menchie’s Frozen Yogurt,"305 FM1382 #612, Cedar Hill, TX 75104, USA",mymenchies
5018,48812,Salata Salad Kitchen,"17515 Spring Cypress Rd Suite F, Cypress, TX 77429, USA",salatasalads
14041781,33276697,Miette Patisserie,"1 Ferry Plz Bldg Shop10, San Francisco CA 94111-4212, United States",miette
10928,2089837,Another Broken Egg Cafe,"5025 E 82nd St #2500, Indianapolis, IN 46250, USA",anotherbrokenegg
2205,2407,Puerto Alegre,"546 Valencia Street, San Francisco, CA 94110, USA",puertoalegresf
45294,681886,Handel's Homemade Ice Cream,"8760 E 116th St, Fishers, IN 46038, USA",handelsandersonmill
9144,1959174,"Cheba Hut ""Toasted"" Subs","2907 N Oakland Ave, Milwaukee, WI 53211, USA",chebahut
2183,28179920,Anthony’s Cookies,"1417 Valencia St, San Francisco, CA 94110, USA",anthonyscookies
12661002,27655481,14 Peaks Nepalese Cuisine,"2848 23rd St, San Francisco, CA 94110, USA",14peaksnepalesecuisine
944,69061,Mendocino Farms,"2847 Park Ave, Tustin, CA 92782, USA",mendocinofarms
14123899,33572473,San Gines,"2072 S Lamar Blvd, Austin TX 78704-3336, United States",sanginesusa
19263,286414,Joe & The Juice,"1600 Collins Ave, Miami Beach, FL 33139, USA",joeandthejuice
82085,2865204,bb.q Chicken,"1295 E Ogden Ave, Naperville, IL 60563, USA",bbqchickenus
11162810,26185205,Guerra Quality Meats,"490 Taraval St, San Francisco, CA 94116, USA",guerrameatssf
82085,28773920,bb.q Chicken,"221 Swedesford Rd, Wayne, PA 19087, USA",bbqchickenus
82085,25683471,bb.q Chicken,"1629 Eastern Blvd, Montgomery, AL 36117, USA",bbqchickenus
82085,27737179,bb.q Chicken,"5014 Bergenline Ave, West New York, NJ 07093, USA",bbqchickenus
4687,23497164,Humphry Slocombe Ice Cream,"2077 Broadway, Redwood City, CA 94063, USA",humphryslocombe
944,1752582,Mendocino Farms,"444 S Flower St, Los Angeles CA 90071-2901, United States",mendocinofarms
497946,1102389,Main Event,"8081 NW Roanridge Rd, Kansas City, MO 64151, USA",mymainevent
832,56033,Lemonade,"4030 Barranca Pkwy, Irvine, CA 92604, USA",lemonadela
42026,33639117,Teriyaki Madness,"5749 E Russell Rd, Henderson NV 89011-1492, United States",teriyakimadnessroundrock
155228,1751943,Poke House,"3652 Bee Cave Rd, West Lake Hills, TX 78746, USA",pokehousetx
574694,23016415,Udon Mugizo,"1072 Saratoga Ave, San Jose, CA 95129, USA",udonmugizo1
12019,29623919,Wayback Burgers,"7690 Voice Of America Centre Dr, West Chester OH 45069-2794, United States",waybackburgers
12626898,27555330,Kura Revolving Sushi Bar,"214 Westshore Plaza C-39, Tampa, FL 33609, USA",kurasushi_usa
42026,24943547,Teriyaki Madness,"1912 Landstown Centre Wy, Virginia Beach, VA 23456, USA",teriyakimadnessroundrock
39049,23017603,Galaxy Cafe,"9911 Brodie Ln, Austin TX 78748-5802, United States",galaxycafeatx
127503,848084,Salt & Straw Craft Made Ice Cream,"250 University Ave STE 110, Palo Alto, CA 94301, USA",saltandstraw
28022,1012209,Fogo de Chão,"5908 Headquarters Dr Ste. K150, Plano, TX 75024, USA",fogo
82085,24916667,bb.q Chicken,"60 NJ-17, Paramus, NJ 07652, USA",bbqchickenus
497946,1102135,Main Event,"4040 Pan American Fwy NE, Albuquerque, NM 87107, USA",mymainevent
707106,844460,Gong Cha,"343 Bloomfield Ave, Montclair, NJ 07042, USA",gongchatea
244337,34292219,Tumble22 Chicken Joint,"1104 Thorpe Ln Ste D, San Marcos TX 78666-7126, United States",tumble22hotchx
497946,513061,Main Event,"12626 Fountain Lake Cir, Stafford, TX 77477, USA",mymainevent
2477,1207758,See's Candies,"9 Broadway Ln, Walnut Creek, CA 94596, USA",seescandies
127503,577838,Salt & Straw Craft Made Ice Cream,"240 N Larchmont Blvd, Los Angeles, CA 90004, USA",saltandstraw
14089,27802154,Pollo Campero,"1099 NW 42nd Ave, Miami, FL 33126, USA",camperousa
11773775,26018555,Feng Cha,"1826 Precinct Line Rd, Hurst, TX 76054, USA",fengchaaustin
43975,337038,Pokeworks,"21788 Katy Fwy #700, Katy, TX 77449",pokeworksco
13811363,32392367,Tancho Sushi,"7415 Southwest Pkwy building 4 suite 300, Austin, TX 78735, USA",tanchoaustin
96942,1709530,The Bird,"406 Hayes St, San Francisco, CA 94102, USA",thebirdsf
289800,669411,GIO Gelati,"6000 Bollinger Canyon Rd #1510, San Ramon, CA 94583, USA",gio_gelati
1515,49376,Grimaldi’s Coal Brick-Oven Pizzeria,"836 Watters Creek Blvd, Allen, TX 75013, USA",grimaldispizzeria
1125,25592377,Which Wich,"16212 Impact Way, Pflugerville, TX 78660, USA",whichwich
38871,25054167,Jeni's Splendid Ice Creams,"1242 Belk Dr, Mt Pleasant, SC 29464, USA",jenisicecreams
384134,25020965,Deep Purpl,"1001 W North Ave, Chicago, IL 60642, USA",deeppurplacai
389355,1102319,Aviator Pizza & Drafthouse,"6501 S Congress Ave #1-105, Austin, TX 78745, USA",aviatorpizza
40992,25825628,STK Steakhouse,"201 S College St, Charlotte, NC 28203, USA",eatstk
6976,25668355,Paris Baguette,"7050 Terminal Square #210, Upper Darby, PA 19082, USA",parisbaguette_usa
3256,24240525,Gyu-Kaku Japanese BBQ,"888 Nelson St, Vancouver, BC V6Z 2H1, Canada",gyukakuaustin
14154279,35602020,Barry's Fuel Bar,"3600 McKinney Ave Ste 150, Dallas TX 75204-1453, United States",barrys
10765,277558,Menchie’s Frozen Yogurt,"329 UT-53, Ogden, UT 84401, USA",mymenchies
497946,513011,Main Event,"4801 Citylake Blvd W East, Fort Worth, TX 76132, USA",mymainevent
10928,1451708,Another Broken Egg Cafe,"6324 S Semoran Blvd #1001, Orlando, FL 32812, USA",anotherbrokenegg
6976,30201428,Paris Baguette,"2008 86th St, Brooklyn NY 11214-3204, United States",parisbaguette_usa
39310,61602,Via 313 Pizzeria,"1802 E 6th St, Austin, TX 78702, USA",via313pizza
82085,2147502,bb.q Chicken,"1743 Artesia Blvd, Gardena, CA 90248, USA",bbqchickenus
5207,25495115,Sharetea ( Richmond),"4378 Beresford St. #102, Burnaby, BC V5H 2W9, Canada",shareteametreon
2351,38433,SusieCakes,"6100 Luther Ln, Dallas, TX 75225, USA",susiecakesbakery
1430,24884773,Pressed,"60 31st Ave, San Mateo, CA 94403, USA",pressedjuicery
12019,23374963,Wayback Burgers,"1142 Main St, Watertown, CT 06795, USA",waybackburgers
5705,7039,Jane The Bakery,"1881 Geary Blvd, San Francisco, CA 94115",janethebakery
10765,81785,Menchie’s Frozen Yogurt,"510 Hidden Valley Pkwy, Norco, CA 92860, USA",mymenchies
401250,895200,Twisted St. Cafe,"2320 Lombard St, San Francisco, CA 94123, USA",twistedstcafe
28022,32059331,Fogo de Chão,"1104 Galleria Blvd, Roseville CA 95678-1968, United States",fogo
294632,250763,Tiff's Treats,"139 N Loop 1604 E, San Antonio, TX 78232, USA",tiffstreats
292113,631198,Ocean Blue Sandwich Shop,"8 Valencia St, San Francisco, CA 94103, USA",oceanblue_deli_and_laundry
278,292,LeQuy,"104 San Tomas Aquino Rd, Campbell, CA 95008, USA",creasian.lonetree
12828436,28062698,TOAST N EGG,"1838 Irving St, San Francisco, CA 94122, USA",toastnegg_usa
244337,1591767,Tumble22 Chicken Joint,"10723 Louetta Rd, Houston, TX 77070, USA",tumble22hotchx
42026,35036331,Teriyaki Madness,"101 Route 73 S Ste 165, Marlton NJ 08053-4166, United States",teriyakimadnessroundrock
20726,605789,Gus's World Famous Fried Chicken,"787 Goodman Rd E, Southaven, MS 38671, USA",gusfriedchicken
13590767,31611619,HK Tea,"11800 Dessau Rd, Austin TX 78754-2186, United States",hkteaaustin
10928,62816,Another Broken Egg Cafe,"11324 N Community House Rd, Charlotte, NC 28277, USA",anotherbrokenegg
48185,78378,Jim's Restaurant,"9091 Research Blvd, Austin, TX 78758, USA",jimsrestaurants
12851313,31281705,Pappadeaux Seafood Kitchen,"1610 W Interstate 2, Pharr TX 78577-6533, United States",pappadeaux
2477,27559862,See's Candies,"30622 Santa Margarita Pkwy d102, Rancho Santa Margarita, CA 92688, USA",seescandies
13620869,31721058,Con Vista Al Mar,"1209 E 7th St, Austin TX 78702-3222, United States",convista.almar.tx
2719,30564983,Papito Potrero Hill,"1457 18th St, San Francisco CA 94107-2801, United States",papito_potrero
16509,223615,Ben & Jerry's,"20650 N Park Blvd, University Heights, OH 44118, USA",benandjerrys
10765,1775721,Menchie’s Frozen Yogurt,"9169 W Atlantic Ave #116, Delray Beach, FL 33446, USA",mymenchies
36522,34136859,Teaspoon,"1951 W Lumsden Rd, Brandon FL 33511-8820, United States",teaspoonlife
8561,23587501,Vitality Bowls,"835 Middlefield Rd, Redwood City, CA 94063, USA",vitalitybowls
21216,2439294,Snarf's,"8775 E Orchard Rd #801, Greenwood Village, CO 80111, USA",snarfssandwichesatx
14214305,33911011,Campton Bar & Bistro,"340 Stockton St, San Francisco CA 94108-4609, United States",tajhotels
11238949,31658373,Plentiful: Bowls & Salads,"77 Broadway, Raynham MA 02767-1413, United States",p
113972,211657,Benihana,"1665 NE 79th St, Miami, FL 33138, USA",Benihana
7290,62036,Kolache Factory [Corporate-7290],"3706 N Lamar Blvd, Austin, TX 78705, USA",kolachefactory
12019,25063538,Wayback Burgers,"1964 Jericho Turnpike, East Northport, NY 11731, USA",waybackburgers
42026,448345,Teriyaki Madness,"45 Division Ave, Eugene, OR 97404, USA",teriyakimadnessroundrock
6239,311898,Velvet Taco,"907 Westheimer Rd, Houston, TX 77006, USA",velvettaco
42026,30902130,Teriyaki Madness,"2802 W Stan Schlueter Loop Ste 220, Killeen TX 76549-6670, United States",teriyakimadnessroundrock
24,562308,Amber Indian Restaurant,"556 S Milpitas Blvd, Milpitas, CA 95035, USA",amberindiarestaurants
10928,33546723,Another Broken Egg Cafe,"7913 N 10th St Ste 190, McAllen TX 78504-7742, United States",anotherbrokenegg
2477,1271729,See's Candies,"1685 S Colorado Blvd Suite T, Denver, CO 80222, USA",seescandies
12846187,28111978,Vamos Coffee,"2500 E 7th St, Austin, TX 78702, USA",vamos_atx
12626898,32096745,Kura Revolving Sushi Bar,"10530 Stockdale Hwy Ste 300, Bakersfield CA 93311-3677, United States",kurasushi_usa
82085,32864907,bb.q Chicken,"8603 Westwood Center Dr Ste 100, Vienna VA 22182-2230, United States",bbqchickenus
39247,619957,Sway,"3437 Bee Caves Rd, West Lake Hills, TX 78746, USA",swaythai
5018,940226,Salata Salad Kitchen,"1907 Texas Ave S, College Station, TX 77840, USA",salatasalads
423605,99143,Rudy's Country Store and BBQ,"7709 N FM 620, Austin, TX 78732, USA",rudysbbq
42026,24191447,Teriyaki Madness,"5910 SE 15th St, Midwest City, OK 73110, USA",teriyakimadnessroundrock
11351251,24308383,Revolución Coffee + Juice,"207 San Jacinto Blvd Suite 200, Austin, TX 78701, USA",enjoyrev
341997,24898717,Palmetto Superfoods,"855 El Camino Real #160, Palo Alto, CA 94301, USA",palmettosuperfoods
16847,207262,Modern Market Eatery,"1765 Briargate Pkwy Suite 807, Colorado Springs, CO 80920, USA",modernmarket
4,34668891,Curry Up Now,"2717 Cross Timbers Rd Ste 400, Flower Mound TX 75028-2776, United States",curryupnow
28022,1012633,Fogo de Chão,"1101 Pennsylvania Ave NW, Washington, DC 20004, USA",fogo
19263,803421,Joe & The Juice,"300 S Biscayne Blvd, Miami, FL 33131, USA",joeandthejuice
2732,254149,Boudin Bakery,"5615 Pacific Ave, Stockton, CA 95207, USA",boudinbakery
11236256,23641756,Austin Rotisserie,"111 Congress Ave. p400, Austin, TX 78701, USA",austinrotisserie
58905,99480,Pho Hoang,"399 W Louis Henna Blvd c, Austin, TX 78728, USA",phohoangtx
45294,1503788,Handel's Homemade Ice Cream,"1405 S State St, Orem, UT 84097, USA",handelsandersonmill
96960,26070132,Rise & Grind,"203a E 18th St, Oakland, CA 94606, USA",riseandgrindsf
156787,2188517,Blue Bottle Coffee,"8830 Washington Blvd Suite #103, Culver City, CA 90232, USA",bluebottle
31562,467341,85C Bakery Cafe,"43368 Boscell Rd, Fremont, CA 94538, USA",85cbakerycafe
48202,78287,Nanami Sushi Bar & Grill,"9001 Brodie Ln B1, Austin, TX 78748, USA",nanamiaustin
16509,768839,Ben & Jerry's,"2339 E Evans Ave, Denver, CO 80210, USA",benandjerrys
4076,164580,Benihana,"2143 Peachtree Rd, Atlanta, GA 30309, USA",benihana
707106,2603642,Gong Cha,"2000 NJ-38, Cherry Hill, NJ 08002, USA",gongchatea
78417,354178,Happy Lemon,"1188 Robson St, Vancouver, BC V6E 1B2, Canada",happylemon.usa
819179,1756445,Kerbey Lane Cafe,"3704 Kerbey Ln, Austin, TX 78731, USA",kerbeylanecafe
82085,34438329,bb.q Chicken,"7904 Dublin Blvd, Dublin, CA 94568, USA",bbqchickenus
156787,2188508,Blue Bottle Coffee,"18 S Fair Oaks Ave, Pasadena, CA 91105, USA",bluebottle
10765,1728263,Menchie’s Frozen Yogurt,"48010 Grand River Ave, Novi, MI 48374, USA",mymenchies
42026,33091311,Teriyaki Madness,"5792 N Hamilton Rd Ste F, Columbus OH 43230-4002, United States",teriyakimadnessroundrock
16509,442252,Ben & Jerry's,"30 Forbes Rd, Braintree, MA 02184, USA",benandjerrys
12626898,27567396,Kura Revolving Sushi Bar,"14006 Riverside Dr, Sherman Oaks CA 91423-1945, United States",kurasushi_usa
7290,1497382,Kolache Factory [Corporate-7290],"505 S Fry Rd, Katy, TX 77450, USA",kolachefactory
42026,25178762,Teriyaki Madness,"140 Little Cypress Dr Ste 106, St Johns, FL 32259, USA",teriyakimadnessroundrock
1125,1317914,Which Wich,"5140 College Ave, San Diego, CA 92115, USA",whichwich
36522,24851060,Teaspoon,"19300 Rinaldi St, Porter Ranch, CA 91326, USA",teaspoonlife
6976,31315165,Paris Baguette,"3850 Barranca Pkwy, Irvine CA 92606-1202, United States",parisbaguette_usa
43975,28092952,Pokeworks,"3201 N Shepherd Dr #111, Houston, TX 77018, USA",pokeworksco
11454026,24690654,Catering by Benihana,"1100 W 8th Ave, Anchorage, AK 99501, USA",benihana
294632,35569761,Tiff's Treats,"7657 Highway 70 S Ste 119, Nashville TN 37221-1846, United States",tiffstreats
8561,441708,Vitality Bowls,"2525 Arapahoe Ave Unit A3, Boulder, CO 80302, USA",vitalitybowls
58162,250577,Bill Miller BBQ,"9202 Wurzbach Rd, San Antonio, TX 78229, USA",BillMillerBarBQ
1125,25678354,Which Wich,"1762 Clarkson Rd, Chesterfield, MO 63017, USA",whichwich
12626898,27555323,Kura Revolving Sushi Bar,"39 District Ave # A, Dorchester MA 02125-1683, United States",kurasushi_usa
294632,31018435,Tiff's Treats,"112 Gateway St, Beaumont TX 77701-3706, United States",tiffstreats
406279,912957,Local Roots,"1314 Grandin Rd SW, Roanoke, VA 24015, USA",localrootssf
944,27656811,Mendocino Farms,"16350 Ventura Blvd, Encino, CA 91436, USA",mendocinofarms
82085,29938121,bb.q Chicken,"851 Cherry Ave Ste 16, San Bruno CA 94066-2953, United States",bbqchickenus
45294,30808587,Handel's Homemade Ice Cream,"1343 E Gladstone St, Glendora CA 91740-5370, United States",handelsandersonmill
194754,33752027,The Port of Peri Peri,"3245 Stevens Creek Blvd, San Jose CA 95117-1145, United States",portofperiperi
82085,1213865,bb.q Chicken,"1110 E Silverado Ranch Blvd #120, Las Vegas, NV 89123, USA",bbqchickenus
6976,25328197,Paris Baguette,"9765 Liberia Ave Unit 109, Manassas, VA 20110, USA",parisbaguette_usa
42553,25003888,Bush's Chicken,"7990 Hwy 6, Woodway, TX 76712, USA",bushschickenatx
689820,1450087,Victoria Pastry Company,"700 Filbert St, San Francisco, CA 94133, USA",victoriapastryco
7290,1616449,Kolache Factory [Corporate-7290],"5667 Farm to Market Rd 1488, Magnolia, TX 77354, USA",kolachefactory
4076,102290,Benihana,"21089 Dulles Town Cir, Dulles, VA 20166, USA",benihana
7290,16513,Kolache Factory [Corporate-7290],"14129 Memorial Dr, Houston, TX 77079, USA",kolachefactory
127503,31111821,Salt & Straw Craft Made Ice Cream,"360 Amsterdam Ave, New York NY 10024-6737, United States",saltandstraw
12019,903274,Wayback Burgers,"1757 Woodruff Rd, Greenville, SC 29615, USA",waybackburgers
9144,30201529,"Cheba Hut ""Toasted"" Subs","7795 E Belleview Ave, Englewood CO 80111-6024, United States",chebahut
40992,223112,STK Steakhouse,"1550 Market St, Denver, CO 80202, USA",eatstk
2817,35171685,Super Duper Burgers,"1119 Galleria Blvd, Roseville CA 95678-1935, United States",superduperburgers
12019,169038,Wayback Burgers,"2380 Dixwell Ave, Hamden, CT 06514, USA",waybackburgers
713672,23841445,Esposto's Delicatezza,"701 Gateway Blvd, South San Francisco, CA 94080, USA",espostosdelicatezza
423605,26240897,Rudy's Country Store and BBQ,"15257 N Northsight Blvd, Scottsdale, AZ 85260, USA",rudysbbq
198166,1839195,Hook & Reel Cajun Seafood & Bar,"30901 Gratiot Ave, Roseville, MI 48066, USA",hookandreel.usa
1125,25910559,Which Wich,"1590 W Frontier Pkwy, Prosper, TX 75078, USA",whichwich
13067826,30671929,Kebab Baba,"54 2nd St, San Francisco CA 94105-3440, United States",kebabbabasanfrancisco
6976,31133264,Paris Baguette,"2470 El Camino Real, Santa Clara CA 95051-3002, United States",parisbaguette_usa
16509,1632055,Ben & Jerry's,"19 Main St, Old Saybrook, CT 06475, USA",benandjerrys
42026,33784411,Teriyaki Madness,"2657 Ulmerton Rd, Clearwater FL 33762-3337, United States",teriyakimadnessroundrock
14089,29663960,Pollo Campero,"6614 Highway 6 N, Houston TX 77084-1320, United States",camperousa
15494,24834335,"Snooze, an A.M. Eatery","3191 W Holcombe Blvd, Houston, TX 77025, USA",snoozeameatery
507813,34205647,XENiA: Mediterranean Kitchen,"2000 5th St Ne, Washington DC 20002-1224, United States",eatxenia
11325244,28030196,The Yard Milkshake Bar,"1942 E 7th St #102, Charlotte, NC 28204, USA",theyardmilkshakebar
14154279,35601439,Barry's Fuel Bar,"30 Chauncy St, Boston MA 02111-2209, United States",barrys
11238949,29670197,Plentiful: Bowls & Salads,"1304 S Breiel Blvd, Middletown OH 45044-6206, United States",p
361427,808915,Los Yaquis,"3214 Folsom St, San Francisco, CA 94110, USA",losyaquisfolsom
7113,31282237,Pappasito's Cantina,"6513 N Interstate 35, Austin TX 78752-4303, United States",pappasitos
38192,59964,Star of India,"2900 W Anderson Ln, Austin TX 78757-1102, United States",starofindiaatx
12019,479700,Wayback Burgers,"5 Bel Air S Pkwy, Bel Air, MD 21015, USA",waybackburgers
7113,29902773,Pappasito's Cantina,"15280 North Fwy # At, Houston TX 77090-6306, United States",pappasitos
11481148,24754281,Nautical Bowls,"8250 N Oxford St, Kansas City, MO 64158, USA",nauticalbowlsaustin
11339056,26174375,Catering by Ben's Fast Food,"810 Vallejo St, Denver, CO 80204, USA",bensfastfood
1063238,2878490,Dagwood and Scoops,"2736 24th St, San Francisco, CA 94110, USA",dagwoodandscoops_sf
425973,964360,Shovels Grill,"460 Larkin St, San Francisco, CA 94102, USA",pomeroybarsf
2477,1269668,See's Candies,"4719 Commons Way, Calabasas, CA 91302, USA",seescandies
10210,308643,La Madeleine French Bakery & Cafe,"987 E Interstate 30, Rockwall, TX 75032, USA",lamadeleinecafe
25656,47428,54th Street,"17122 W Interstate 10 Frontage Rd, San Antonio, TX 78257, USA",54thstreet
294632,30553913,Tiff's Treats,"16639 Birkdale Commons Pkwy, Huntersville NC 28078-5612, United States",tiffstreats
39328,431912,Ike's Love & Sandwiches,"4013 Grand Ave Ste C, Chino, CA 91710, USA",ikessandwiches
39049,78295,Galaxy Cafe,"8127 Mesa Dr, Austin, TX 78759, USA",galaxycafeatx
11216764,35488345,Bluestone Lane Café,"1 Bergen Town Ctr, Paramus NJ 07652-5001, United States",bluestonelane
39328,26132448,Ike's Love & Sandwiches,"1512 Larimer St unit 40r, Denver, CO 80202, USA",ikessandwiches
10210,26230322,La Madeleine French Bakery & Cafe,"1140 S Preston Rd #10, Prosper, TX 75078, USA",lamadeleinecafe
2477,1271719,See's Candies,"16443 Ventura Blvd, Encino, CA 91436, USA",seescandies
65542,24725757,Wing Daddy's,"1651 Woodrow Bean Transmountain Dr, Canutillo, TX 79835, USA",wingdaddys
44026,921088,The Baked Bear,"2604 Sawgrass Mills Cir #1125, Sunrise, FL 33323, USA",thebakedbear
10765,876415,Menchie’s Frozen Yogurt,"310 E Hawkins Pkwy, Longview, TX 75605, USA",mymenchies
3256,926527,Gyu-Kaku Japanese BBQ,"14457 Ventura Blvd, Sherman Oaks, CA 91423, USA",gyukakuaustin
198166,413531,Hook & Reel Cajun Seafood & Bar,"2590 Hylan Blvd, Staten Island, NY 10306, USA",hookandreel.usa
11481148,24469377,Nautical Bowls,"8040 Providence Rd, Charlotte, NC 28277, USA",nauticalbowlsaustin
31562,31458286,85C Bakery Cafe,"1445 Brace Rd, Cherry Hill NJ 08034-3535, United States",85cbakerycafe
4076,206192,Benihana,"1318 Louisiana St, Houston, TX, 77002 USA",benihana
52403,24381264,Poke Bar,"7000 E Mayo Blvd, Phoenix, AZ 85054, USA",pokebar
42026,35080241,Teriyaki Madness,"112 N Pecos Rd, Henderson, NV 89074, USA",teriyakimadnessroundrock
20726,696409,Gus's World Famous Fried Chicken,"308 S Diamond St, New Orleans, LA 70130, USA",gusfriedchicken
374511,1011591,Hi City,"1062 Foster City Blvd, Foster City, CA 94404, USA",hicitysf
294632,370748,Tiff's Treats,"8611 Hillcrest Ave, Dallas, TX 75225, USA",tiffstreats
244213,538920,The Vegan Yacht,"2000 Southern Oaks Dr, Austin, TX 78745, USA",theveganyacht
5207,31305505,Sharetea ( Richmond),"9351 Warren Pkwy, Frisco TX 75035-9490, United States",shareteametreon
2351,1565703,SusieCakes,"888 S Hope St, Los Angeles, CA 90017, USA",susiecakesbakery
10928,467877,Another Broken Egg Cafe,"11535 Hutchison Blvd, Panama City Beach, FL 32407, USA",anotherbrokenegg
11848510,26166415,Tso Chinese Takeout & Delivery,"1824 W Slaughter Ln Ste 100, Austin, TX 78748, USA",tsochinese
5275,556603,True Food Kitchen,"11410 Century Oaks Terrace, Austin, TX 78758, USA",livetruefood
807359,24123244,Ocean Beach Cafe & Non-Alcoholic Bottle Shop,"734 La Playa St, San Francisco, CA 94121, USA",ocean.beach.cafe
707106,29331724,Gong Cha,"9370 Warren Pkwy, Frisco TX 75035-6550, United States",gongchatea
6976,23668173,Paris Baguette,"95 Mathews Dr f6, Hilton Head Island, SC 29926, USA",parisbaguette_usa
10765,1709057,Menchie’s Frozen Yogurt,"10880 Louetta Rd Ste. B, Houston, TX 77070, USA",mymenchies
11454026,24690709,Catering by Benihana,"Parking lot, 3295 S Tamarac Dr, Denver, CO 80231, USA",benihana
10928,404300,Another Broken Egg Cafe,"2722 Carl T Jones Dr SE #D, Huntsville, AL 35802, USA",anotherbrokenegg
96741,523381,Venga Empanadas,"443 Valencia St, San Francisco, CA 94103, USA",vengaempanadas
10928,893347,Another Broken Egg Cafe,"4111 Charlotte Ave Corner of Charlotte Ave and, 42nd Ave N, Nashville, TN 37209, USA",anotherbrokenegg
11216764,961391,Bluestone Lane Café,"417 Amsterdam Ave, New York, NY 10024, USA",bluestonelane
16509,27919462,Ben & Jerry's,"104 Franklin Ave, Ridgewood, NJ 07450, USA",benandjerrys
10928,25639196,Another Broken Egg Cafe,"101 State St, West Columbia, SC 29169, USA",anotherbrokenegg
707106,1001159,Gong Cha,"1566 Flatbush Ave, Brooklyn, NY 11210, USA",gongchatea
11238949,27813685,Plentiful: Bowls & Salads,"6355 Multiplex Dr, Centreville, VA 20121, USA",p
10928,127656,Another Broken Egg Cafe,"10800 Alpharetta Hwy, Roswell, GA 30076, USA",anotherbrokenegg
127503,23748870,Salt & Straw Craft Made Ice Cream,"1710 R St #100, Sacramento, CA 95811, USA",saltandstraw
82085,1620979,bb.q Chicken,"2323 E Chapman Ave, Fullerton, CA 92831, USA",bbqchickenus
42026,31108912,Teriyaki Madness,"1319 Golf Rd, Rolling Meadows IL 60008-4203, United States",teriyakimadnessroundrock
11238949,31284173,Plentiful: Bowls & Salads,"2496 Rivermont Ave, Lynchburg VA 24503-1546, United States",p
11454026,24690459,Catering by Benihana,"1989 Diamond Blvd, Concord, CA 94520, USA",benihana
11568454,24946351,Fire Bowl Cafe,"11435 E Briarwood Ave, Englewood, CO 80112, USA",firebowlcafe
42026,25673523,Teriyaki Madness,"591 River Hwy unit r, Mooresville, NC 28117, USA",teriyakimadnessroundrock
40992,1879587,STK Steakhouse,"610 Bellevue Way NE, Bellevue, WA 98004, USA",eatstk
79315,136974,Hardwood Bar & Smokery,"680 8th St, San Francisco, CA 94103, USA",hardwoodsf
14041781,33276691,Miette Patisserie,"449 Octavia St, San Francisco CA 94102-5182, United States",miette
707106,983383,Gong Cha,"210 Andover St, Peabody, MA 01960, USA",gongchatea
11238949,31242661,Plentiful: Bowls & Salads,"2200 S Haven Ave, Ontario CA 91761-0703, United States",p
10765,223217,Menchie’s Frozen Yogurt,"29367 Mound Rd, Warren, MI 48092, USA",mymenchies
5275,9177,True Food Kitchen,"1700 Post Oak Blvd, Houston, TX 77056, USA",livetruefood
204744,24724257,Lucho's,"2675 Ocean Ave, San Francisco, CA 94132, USA",luchos_sf
16509,477593,Ben & Jerry's,"166 Bellevue Way NE, Bellevue, WA 98004, USA",benandjerrys
42553,1106005,Bush's Chicken,"3505 N 19th St, Waco, TX 76708, USA",bushschickenatx
10765,24373662,Menchie’s Frozen Yogurt,"1500 Christopher Pl Suite B106, Lancaster, PA 17601, USA",mymenchies
7290,77540,Kolache Factory [Corporate-7290],"890 E 116th St, Carmel, IN 46032, USA",kolachefactory
707106,33854081,Gong Cha,"700 Atlantic Ave, Boston MA 02111-2813, United States",gongchatea
11470938,29706132,Crunchy Munchy,"2221 Del Paso Rd, Sacramento CA 95835-2220, United States",crunchymunchychicken
45294,2197877,Handel's Homemade Ice Cream,"7701 Laguna Blvd, Elk Grove, CA 95758, USA",handelsandersonmill
3937,4540,House of Nanking,"919 Kearny Street, San Francisco, CA 94133, USA",houseofnankingsf
82085,24783505,bb.q Chicken,"435 E Big Beaver Rd, Troy, MI 48083, USA",bbqchickenus
39310,23774745,Via 313 Pizzeria,"150 W 10600 S, Sandy, UT 84070, USA",via313pizza
11282642,23977444,Tommy Want Wingy,"424 S Lamar Blvd, Austin, TX 78704, USA",tommywantwingy.atx
31562,326059,85C Bakery Cafe,"35201 Newark Blvd, Newark, CA 94560",85cbakerycafe
1125,23490239,Which Wich,"2941 El Camino Real, Tustin, CA 92782, USA",whichwich
110070,207321,Mission Street Oyster Bar,"2282 Mission St, San Francisco, CA 94110, USA",missionstreetoysterbar
4076,213404,Benihana,"21327 Hawthorne Blvd, Torrance, CA 90503, USA",benihana
358428,28078600,Two Hands,"3985 Tennyson St, Denver, CO 80212, USA",twohandsrestaurant
12019,26084266,Wayback Burgers,"593 9th Ave, New York, NY 10036, USA",waybackburgers
16509,1014862,Ben & Jerry's,"103 Arsenal Yards Blvd, Watertown, MA 02472, USA",benandjerrys
11454026,24690607,Catering by Benihana,"242 Miracle Mile, Miami, FL 33134, USA",benihana
476087,1064324,Sweet Chive,"2515 E Cesar Chavez St, Austin, TX 78702, USA",sweetchive
12851313,31281733,Pappadeaux Seafood Kitchen,"7520 E Progress Pl, Greenwood Village CO 80111-2110, United States",pappadeaux
126624,233565,Himalayan Pizzas and Momo,"288 Golden Gate Ave, San Francisco, CA 94102, USA",himalayanpizzandmomo
6976,25057921,Paris Baguette,"24 Franklin Ave, Ridgewood, NJ 07450, USA",parisbaguette_usa
11290,2834078,Buckhorn BBQ + Grill,"4720 Freeport Blvd Suite 160, Sacramento, CA 95822, USA",buckhornbbqgrill
31562,938117,85C Bakery Cafe,"56 E Duarte Rd UNIT 102, Arcadia, CA 91006, USA",85cbakerycafe
2477,1269714,See's Candies,"283 Madonna Rd, San Luis Obispo, CA 93405, USA",seescandies
244212,28393060,Pool Burger,"2315 Lake Austin Blvd, Austin, TX 78703, USA",poolburgeraustin
12837775,33500695,Rockstar Hibachi,"2303 West Blvd, Charlotte NC 28208-6108, United States",rockstarhibachi.foodtruck
58904,32013205,Teapioca Lounge,"2000 S Interstate 35 # N1, Round Rock TX 78681-6900, United States",teapiocasouthpark
412540,23545698,Pineapple King Bakery,"46827 Warm Springs Blvd #101, Fremont, CA 94539, USA",pineapplekingbakery
78417,874730,Happy Lemon,"3 Serramonte Center, Daly City, CA 94015, USA",happylemon.usa
294632,373703,Tiff's Treats,"3201 Bee Caves Rd, Austin TX 78746, United States",tiffstreats
22324,33046,Blackwood,"2150 Chestnut St, San Francisco, CA 94123, USA",blackwoodsf
21216,626016,Snarf's,"2527 Federal Blvd, Denver, CO 80211, USA",snarfssandwichesatx
4076,211628,Benihana,"10123 N Wolfe Rd, Cupertino, CA 95014, USA",benihana
156582,297368,Rossi's Delicatessen,"426 Castro St, San Francisco, CA 94114, USA",rossis_deli
2477,1207740,See's Candies,"140 Promenade Way, Thousand Oaks, CA 91362, USA",seescandies
294632,29958667,Tiff's Treats,"1355 George Dieter Dr # 626, El Paso TX 79936-7533, United States",tiffstreats
16509,442289,Ben & Jerry's,"1265 Worcester St, Natick, MA 01760, USA",benandjerrys
11454026,24690527,Catering by Benihana,"3602 SE Ocean Blvd, Sewall's Point, FL 34996, USA",benihana
39328,24825244,Ike's Love & Sandwiches,"606 W Huntington Dr, Monrovia, CA 91016, USA",ikessandwiches
45294,1508985,Handel's Homemade Ice Cream,"1050 S Court St, Medina, OH 44256, USA",handelsandersonmill
707106,29832247,Gong Cha,"3821 Washington Rd, Martinez GA 30907-5158, United States",gongchatea
418730,941407,Miyako Yakitori and Sushi,"8701 W Parmer Ln Suite 2128, Austin, TX 78729, USA",miyoatx
12626898,27556245,Kura Revolving Sushi Bar,"100 Legacy Dr #100, Plano, TX 75023, USA",kurasushi_usa
14251851,34053754,turtle tower,"220 California St, San Francisco CA 94111-4401, United States",turtletower.sf
39230,26192580,Slab BBQ & Beer,"6218 Brodie Ln, Austin, TX 78745, USA",slabbbq
11101487,23042632,Egg Roll Express,"6301 W Parmer Ln #202, Austin, TX 78729, USA",eggrollexpressatx
260,67883,Pacific Catch,"133 Corte Madera Town Center, Corte Madera, CA 94925, USA",pacificcatch
11406325,24528620,"LOS PANAS, LLC","9313 Anderson Mill Rd, Austin TX 78729-4402, United States",lospanas.foodtruck
11481148,26272706,Nautical Bowls,"11648 W 135th St, Overland Park, KS 66221, USA",nauticalbowlsaustin
12019,647290,Wayback Burgers,"4223 E Royalton Rd, Broadview Heights, OH 44147, USA",waybackburgers
4076,211654,Benihana,"358 South Avenue, Bloomington, MN 55425, USA",benihana
21216,29768044,Snarf's,"7450 W 52nd Ave Unit 110, Arvada CO 80002-3747, United States",snarfssandwichesatx
622597,1322838,Willys Food INC / Krispy Krunchy chicken,"4517 3rd St, San Francisco, CA 94124, USA",krispykrunchychicken
294632,24665693,Tiff's Treats,"4701 183A b, Cedar Park, TX 78613, USA",tiffstreats
45294,29876309,Handel's Homemade Ice Cream,"7315 N Oracle Rd, Tucson AZ 85704-6319, United States",handelsandersonmill
58229,98921,Pita Fusion,"13770 US-183, Austin, TX 78750, USA",pitafusion
28022,23689275,Fogo de Chão,"201 E Las Olas Blvd, Fort Lauderdale, FL 33301, USA",fogo
404070,912522,Estancia Churrascaria Brazilian Steakhouse (Research Blvd),"10000 Research Blvd, Austin, TX 78759, USA",estanciabraziliansteakhouse
82085,28176598,bb.q Chicken,"350 Bloomfield Ave, Caldwell, NJ 07006, USA",bbqchickenus
4694,5473,Ristobar,"2300 Chestnut St, San Francisco, CA 94123, USA",ristobarsf
44026,1016001,The Baked Bear,"109 E 7th St, Georgetown, TX 78626, USA",thebakedbear
96813,297561,Cafe Venue,"218 Montgomery St, San Francisco, CA 94104, USA",cafevenue
156787,2188477,Blue Bottle Coffee,"13050 San Vicente Blvd, Los Angeles, CA 90049, USA",bluebottle
8684,11192,Zante Pizza & Indian Cuisine,"3489 Mission Street, San Francisco, CA 94110, USA",zantespizza
15494,2122529,"Snooze, an A.M. Eatery","711 University Dr E, College Station, TX 77840, USA",snoozeameatery
65542,528473,Wing Daddy's,"2831 Town Center Dr, New Braunfels, TX 78130, USA",wingdaddys
11264609,23835110,Song La,"7800 S 1st St, Austin, TX 78745, USA",songlafood
45294,25106877,Handel's Homemade Ice Cream,"1808 W Dupont Rd, Fort Wayne, IN 46818, USA",handelsandersonmill
48238,78340,The Rolling Rooster,"13717 Burnet Rd, Austin, TX 78727, USA",therollingrooster
4076,27732086,Benihana,"54 SW 10th St, Miami, FL 33130, USA",benihana
182813,34340565,moonbowls - Healthy Korean Bowls,"1033 W Glebe Rd, Alexandria VA 22305-1458, United States",eatmoonbowls
43975,2253536,Pokeworks,"423 N Cedar Bluff Rd, Knoxville, TN 37923, USA",pokeworksco
3256,358309,Gyu-Kaku Japanese BBQ,"81 Church St, Toronto, ON M5C 2G2, Canada",gyukakuaustin
11773775,25970858,Feng Cha,"1917 Greenville Ave #130, Dallas, TX 75206, USA",fengchaaustin
11454026,24690518,Catering by Benihana,"8830 Keystone Crossing, Indianapolis, IN 46240, USA",benihana
707106,24460196,Gong Cha,"237 Boston Post Rd W, Marlborough, MA 01752, USA",gongchatea
198166,2023977,Hook & Reel Cajun Seafood & Bar,"3500 East-West Hwy, Hyattsville, MD 20782, USA",hookandreel.usa
944,24599033,Mendocino Farms,"2040 Wyatt Dr, Santa Clara, CA 95054, USA",mendocinofarms
14089,27472798,Pollo Campero,"2520 S Orange Ave, Orlando, FL 32806, USA",camperousa
11613051,25023159,The Texican Cafe,"11066 Pecan Park Blvd, Cedar Park, TX 78613, USA",texican_cafe
115048,214562,Bizza,"1463 Haight St, San Francisco, CA 94117, USA",eatbizza
310547,669061,SF Ice Company,"45 Williams Ave # A San Francisco, CA 94124-2617",sficeco
77519,132498,Goodfellas Pizzeria & Grill,"2237 Powell St, San Francisco, CA 94133, USA",goodfellas.sf
6976,27816896,Paris Baguette,"46663 Mission Blvd, Fremont, CA 94539, USA",parisbaguette_usa
16509,25024364,Ben & Jerry's,"200 W 44th St, New York, NY 10036, USA",benandjerrys
16509,25383356,Ben & Jerry's,"1860 Tower Dr, Glenview, IL 60026, USA",benandjerrys
14154279,35600531,Barry's Fuel Bar,"8383 Santa Monica Blvd, West Hollywood CA 90069-4312, United States",barrys
194754,857887,The Port of Peri Peri,"1800 Market Pl Blvd, Irving, TX 75063, USA",portofperiperi
423605,24014,Rudy's Country Store and BBQ,"21799 Katy Fwy, Katy, TX 77450, USA",rudysbbq
1262,715649,Bambu Dessert Drinks,"4069 Spring Mountain Rd, Las Vegas, NV 89102, USA",bambusf
198166,1056331,Hook & Reel Cajun Seafood & Bar,"6626 Ritchie Hwy, Glen Burnie, MD 21061, USA",hookandreel.usa
33158,129479,Kale Me Crazy,"3167 Peachtree Rd, Atlanta, GA 30305, USA",kalemecrazyatx
7886,33150085,North Beach Pizza,"2985 Junipero Serra Blvd, Daly City CA 94014-2549, United States",northbeachpizzaofficial
39328,232426,Ike's Love & Sandwiches,"4930 Dublin Blvd, Dublin, CA 94568, USA",ikessandwiches
156251,543802,Rooster & Rice,"303 2nd St n125, San Francisco, CA 94107, USA",roosterandrice
11454026,24690642,Catering by Benihana,"276 Commercial Blvd, Lauderdale-By-The-Sea, FL 33308, USA",benihana
33875,53362,The Original Mels Diner,"1804 Douglas Blvd, Roseville, CA 95661, USA",theoriginalmelsdiner
707106,24938324,Gong Cha,"311 N Broadway, Hicksville, NY 11801, USA",gongchatea
2477,1344452,See's Candies,"1239 Tyler St, Riverside, CA 92503, USA",seescandies
10210,951225,La Madeleine French Bakery & Cafe,"3605 W Chandler Blvd #7, Chandler, AZ 85226, USA",lamadeleinecafe
43975,132211,Pokeworks,"222 Bellevue Way NE, Bellevue, WA 98004",pokeworksco
11694794,25383204,Polvos Mexican Restaurant,"2004 S 1st St, Austin, TX 78704, USA",polvosdt
6976,1034443,Paris Baguette,"308 Chimney Rock Rd, Bound Brook, NJ 08805, USA",parisbaguette_usa
3936,608951,Blondie's Pizza,"940 Market St, San Francisco, CA 94102, USA",theoriginal.blondiespizza
50,17276,Kara's Cupcakes,"3249 Scott Street, San Francisco, CA 94123, USA",karascupcakes
998467,30041449,Taco Palenque,"2722 Fm 685, Hutto TX 78634, United States",taco.palenque
52403,441322,Poke Bar,"419 Church St, Decatur, GA 30030, USA",pokebar
10928,24837618,Another Broken Egg Cafe,"4936 Thoroughbred Ln, Brentwood, TN 37027, USA",anotherbrokenegg
998467,2525519,Taco Palenque,"130 Louis Henna Blvd, Round Rock, TX 78664, USA",taco.palenque
6976,2157207,Paris Baguette,"3159 Mission College Blvd, Santa Clara, CA 95054, USA",parisbaguette_usa
14154279,35600537,Barry's Fuel Bar,"6201 Hollywood Blvd Ste 110, Los Angeles CA 90028-5362, United States",barrys
13990007,33090645,Chez Zee American Bistro,"5406 Balcones Dr, Austin TX 78731-4906, United States",chez_zee_austin
8526,297385,Yank Sing,101 Spear St. San francisco CA 94105,YankSing
42026,33885631,Teriyaki Madness,"134 E El Camino Real, Sunnyvale CA 94087-1936, United States",teriyakimadnessroundrock
2477,1207735,See's Candies,"1005 E Valley Pkwy, Escondido, CA 92025, USA",seescandies
11267263,23859473,Tricolore Caffè & Pizzeria,"590 Washington St, San Francisco, CA 94111, USA",tricolorecaffepizzeria
198166,905064,Hook & Reel Cajun Seafood & Bar,"965 Jefferson Ave, Union, NJ 07083, USA",hookandreel.usa
4076,292713,Benihana,"9918 Glades Rd, Boca Raton, FL 33428, USA",benihana
198166,25487440,Hook & Reel Cajun Seafood & Bar,"1217 Surf Ave, Brooklyn, NY 11224, USA",hookandreel.usa
12626898,32570349,Kura Revolving Sushi Bar,"16495 N Scottsdale Rd # 102, Scottsdale AZ 85254-1588, United States",kurasushi_usa
11454026,24690650,Catering by Benihana,"515 Zang St, Broomfield, CO 80021, USA",benihana
5015,607261,Hopdoddy Burger Bar,"4400 Midland Dr, Midland, TX 79707, USA",hopdoddy
39118,78257,Madam Mam's,"9911 Brodie Ln, Austin, TX 78748, USA",madammams
5018,930812,Salata Salad Kitchen,"7457 Southwest Fwy Unit 100, Houston, TX 77074, USA",salatasalads
31562,326095,85C Bakery Cafe,"2540 Old Denton Rd, Carrollton, TX 75006, USA",85cbakerycafe
58354,537694,The League Kitchen & Tavern,"166 Hargraves Dr, Austin, TX 78737, USA",leaguekitchen
4076,258596,Benihana,"2100 Greentree Rd, Pittsburgh, PA 15220, USA",benihana
12779,44234,KoJa Kitchen,"309 6th Ave, San Francisco, CA 94118, USA",kojakitchen
619627,1318863,Amorcito Taqueria #2,"3400 E Howard Ln, Pflugerville, TX 78660, USA",amorcito.atx
25656,329539,54th Street,"9251 Rain Lily Trail, Fort Worth, TX 76177, USA",54thstreet
5207,597104,Sharetea ( Richmond),"3619 Kingsway, Vancouver, BC V5R 5M1, Canada",shareteametreon
82085,25003192,bb.q Chicken,"1708 Old Oakland Rd #300, San Jose, CA 95131, USA",bbqchickenus
5275,777313,True Food Kitchen,"2140 Avalon Blvd, Alpharetta, GA 30009, USA",livetruefood
43975,739934,Pokeworks,"1445 New Britain Ave Unit 1383, West Hartford, CT 06110, USA",pokeworksco
12489,1218250,Ramen Hiroshi,"6000 Bollinger Canyon Rd, San Ramon, CA 94583, USA",ramenhiroshi.sf
38871,24462810,Jeni's Splendid Ice Creams,"4150 Campbell Ave, Arlington, VA 22206, USA",jenisicecreams
11481148,25051481,Nautical Bowls,"4849 Farm to Market Rd 1488, The Woodlands, TX 77354, USA",nauticalbowlsaustin
39328,24876978,Ike's Love & Sandwiches,"523 W 6th St, Los Angeles, CA 90014, USA",ikessandwiches
3570,29873548,Luke's Lobster,"317 Commercial St, Provincetown MA 02657-2202, United States",lukeslobster
707106,897164,Gong Cha,"9889 Bellaire Blvd C 318, Houston, TX 77036, USA",gongchatea
1262,35366499,Bambu Dessert Drinks,"10708 W Oklahoma Ave, West Allis WI 53227-4144, United States",bambusf
238939,525347,Nameless Tea And Coffee,"981 Geneva Ave, San Francisco, CA 94112, USA",nameless.teasf
5018,186197,Salata Salad Kitchen,"700 Baybrook Mall, Friendswood, TX 77546, USA",salatasalads
10765,946449,Menchie’s Frozen Yogurt,"10771 Gateway S Blvd, El Paso, TX 79934, USA",mymenchies
82085,35364591,bb.q Chicken,"8106 Charlotte Hwy, Indian Land SC 29707-9617, United States",bbqchickenus
294632,26204107,Tiff's Treats,"3032 Cemetery St, Kennesaw, GA 30144, USA",tiffstreats
2477,1207721,See's Candies,"26483 Ynez Rd, Temecula, CA 92591, USA",seescandies
22294,25580116,Andersen Bakery,"1849 El Camino Real, Burlingame, CA 94010, USA",andersenbakerycafe
41637,64966,Bill's Place,"2315 Clement St, San Francisco, CA 94121, USA",billsplaceburgers_sf
11470938,24801665,Crunchy Munchy,"6031 Lone Tree Wy, Brentwood, CA 94513, USA",crunchymunchychicken
11238949,31271587,Plentiful: Bowls & Salads,"6017 Wilson Blvd, Arlington VA 22205-1503, United States",p
2477,1207741,See's Candies,"Parking lot, 305 SE Chkalov Dr #113, Vancouver, WA 98683, USA",seescandies
341997,989713,Palmetto Superfoods,"291 3rd Ave, San Francisco, CA 94118, USA",palmettosuperfoods
39328,25939142,Ike's Love & Sandwiches,"1936 State St, Santa Barbara, CA 93101, USA",ikessandwiches
156787,2188540,Blue Bottle Coffee,"1 Ferry Building, San Francisco, CA 94111, USA",bluebottle
38871,24461075,Jeni's Splendid Ice Creams,"2012 Greenville Ave, Dallas, TX 75206, USA",jenisicecreams
156787,2188476,Blue Bottle Coffee,"201 S B St, San Mateo, CA 94401, USA",bluebottle
6976,35298941,Paris Baguette,"3450 W Chandler Blvd, Chandler AZ 85226-5070, United States",parisbaguette_usa
10765,1436810,Menchie’s Frozen Yogurt,"7902 NE 6th Ave UNIT 108, Vancouver, WA 98665, USA",mymenchies
384134,24153008,Deep Purpl,"59 New Montgomery St, San Francisco, CA 94105, USA",deeppurplacai
38871,408462,Jeni's Splendid Ice Creams,"1281 Grandview Ave, Grandview Heights, OH 43212, USA",jenisicecreams
707106,1208638,Gong Cha,"10 Schalks Crossing Rd, Plainsboro Township, NJ 08536, USA",gongchatea
109956,207296,Mission Minis,"3168 22nd St, San Francisco, CA 94110, USA",missionminis
10765,31579443,Menchie’s Frozen Yogurt,"8705 109 St Nw, Edmonton AB T6G 2L5, Canada",mymenchies
25656,329580,54th Street,"954 E Rector St, San Antonio, TX 78216, USA",54thstreet
15494,528634,"Snooze, an A.M. Eatery","2150 W 7th St, Fort Worth, TX 76107, USA",snoozeameatery
198166,2661050,Hook & Reel Cajun Seafood & Bar,"14331 Hall Rd, Shelby Township, MI 48315, USA",hookandreel.usa
9144,28345406,"Cheba Hut ""Toasted"" Subs","1947 N College Ave, Fayetteville, AR 72703, USA",chebahut
707106,2364465,Gong Cha,"321 Broad Ave Suite 108, Ridgefield, NJ 07657, USA",gongchatea
10765,1421115,Menchie’s Frozen Yogurt,"4435 13th St, St Cloud, FL 34769, USA",mymenchies
11418428,24575777,Dog Day Coffee,"6701 Burnet Rd #101, Austin, TX 78757, USA",dogdaynitro
82085,1514398,bb.q Chicken,"2383 Lomita Blvd Suite 101, Lomita, CA 90717, USA",bbqchickenus
2477,1207716,See's Candies,"420 Camino De Estrella, San Clemente, CA 92672, USA",seescandies
43975,1275965,Pokeworks,"746 S Central Expy #110, Richardson, TX 75080, USA",pokeworksco
11339069,24393451,Catering by SAJJ Mediterranean,"164 Sunset Dr, San Ramon, CA 94583, USA",sajjstreeteats
10628,1533132,LA Crawfish,"2423 E Expressway 83, Mission, TX 78572, USA",thelacrawfish
425456,957108,Sam's Burgers,"618 Broadway, San Francisco, CA 94133, USA",worldfamoussamsburgers
23453,430506,QUICKLY (Bubble Tea & Fried Chicken),"11516 Lamey Bridge Rd, D'Iberville, MS 39540, USA",QuicklyUSA
11415845,24564556,JAMIES BARBECUE AND MINI TACOS,"7602 Bluff Springs Rd, Austin, TX 78744, USA",jamiesbarbecueminitacos
78417,309494,Happy Lemon,"417 Washington St, Boston, MA 02110, USA",happylemon.usa
58925,23149769,Krab Kingz,"6600 Franklin Ave b 4, New Orleans, LA 70122, USA",krabkingzaustin
110036,207467,Thanh Thanh Cafe,"2205 Clement St, San Francisco, CA 94121, USA",thanhthanhcafesf
13070877,30739433,ARWA COFFEE,"11331 N Lamar Blvd, Austin, TX 78753, USA",arwayemenicoffee
42553,613927,Bush's Chicken,"1332 SE Military Dr, San Antonio, TX 78214, USA",bushschickenatx
2477,1344489,See's Candies,"5074 E N Montclair Plaza Ln, Montclair, CA 91763, USA",seescandies
423605,137448,Rudy's Country Store and BBQ,"845 N Litchfield Rd, Goodyear, AZ 85338, USA",rudysbbq
18012,27232,Mozzarella Di Bufala Pizzeria,"69 W Portal Ave, San Francisco, CA 94127, USA",mozzarella_dibufala
36522,33449383,Teaspoon,"3149 Silverlake Village Dr Ste 112, Pearland TX 77584-8099, United States",teaspoonlife
497946,1102233,Main Event,"9081 Kingston Pike, Knoxville, TN 37923, USA",mymainevent
34493,23569007,Bluestone Lane,"786 Montauk Hwy, Montauk, NY 11954, USA",bluestonelane
11481148,27490929,Nautical Bowls,"21001 N Tatum Blvd suite 80 1660, Phoenix, AZ 85054, USA",nauticalbowlsaustin
13086589,30864993,Delah Coffee,"370 4th St, San Francisco CA 94107-1219, United States",delahcoffeehouse
127503,27626457,Salt & Straw Craft Made Ice Cream,"740 Waterfront Wy, Vancouver, WA 98660, USA",saltandstraw
44026,1096659,The Baked Bear,"5752 Grandscape Blvd Suite 110, The Colony, TX 75056, USA",thebakedbear
33875,193412,The Original Mels Diner,"6708 Lonetree Blvd, Rocklin, CA 95765, USA",theoriginalmelsdiner
42416,66552,Mariana's Kitchen,"5510 S I-35 Frontage Rd, Austin, TX 78745, USA",mkrestaurant412025
1430,856730,Pressed,"350 Palladio Pkwy #1931, Folsom, CA 95630, USA",pressedjuicery
45294,23748532,Handel's Homemade Ice Cream,"1249 Som Center Rd, Mayfield Heights, OH 44124, USA",handelsandersonmill
232812,23129448,Wings 'N More,"5344 Rufe Snow Dr, North Richland Hills, TX 76180, USA",wingsnmoreaustin
52403,929702,Poke Bar,"1072 Davie St, Vancouver, BC V6E 1M3, Canada",pokebar
902,38260,Shalimar,"7410 Amador Valley Blvd, Dublin, CA 94568, USA",shalimarrestaurant2
11867586,26220162,La Joya Cafe,"28 Leland Ave, San Francisco, CA 94134, USA",lajoya.mexicancafe
8561,2365454,Vitality Bowls,"24120 Northwest Fwy, Cypress, TX 77429, USA",vitalitybowls
45294,1493359,Handel's Homemade Ice Cream,"240 S Fort Ln, Layton, UT 84041, USA",handelsandersonmill
43975,846608,Pokeworks,"433 Brookline Ave, Boston, MA 02215, USA",pokeworksco
1055152,2836294,El Gran Taco Loco Inc,"600 Monterey Blvd, San Francisco, CA 94127, USA",elgrantacoloco
2732,93466,Boudin Bakery,"1017 Galleria Blvd, Roseville, CA 95678, USA",boudinbakery
1262,2629646,Bambu Dessert Drinks,"Arlington Square Retail Shopping Center, 3354 Washtenaw Ave e, Ann Arbor, MI 48104, USA",bambusf
2351,31278107,SusieCakes,"2535 Pacific Coast Hwy Ste B, Torrance CA 90505-7035, United States",susiecakesbakery
38871,1161543,Jeni's Splendid Ice Creams,"925 Garrett St 14, Suite H, Atlanta, GA 30316, USA",jenisicecreams
45294,597243,Handel's Homemade Ice Cream,"6403 Haven Ave, Rancho Cucamonga, CA 91737, USA",handelsandersonmill
11470938,24714892,Crunchy Munchy,"8607 Elk Grove Blvd, Elk Grove, CA 95624, USA",crunchymunchychicken
1125,31263669,Which Wich,"747 Virginia Ave Ste 100, Atlanta GA 30354-1915, United States",whichwich
1125,24225688,Which Wich,"12565 Cantu-Galleano Ranch Rd #100, Eastvale, CA 91752, USA",whichwich
2477,1207709,See's Candies,"536 W Hillcrest Dr, Thousand Oaks, CA 91360, USA",seescandies
2477,1207722,See's Candies,"3751 Rosecrans St, San Diego, CA 92110, USA",seescandies
294632,35743807,Tiff's Treats,"3519 W Commonwealth Ave Ste L, Fullerton CA 92833-2843, United States",tiffstreats
477883,1067569,Sidewalk Juice,"791 Haight St, San Francisco, CA 94117, USA",sidewalkjuice
11481148,24328200,Nautical Bowls,"9955 Hudson Pl Suite 550, Woodbury, MN 55125, USA",nauticalbowlsaustin
11881723,26256732,Dang Hot 89,"10001 Metric Blvd, Austin, TX 78758, USA",danghot89
11238949,29628111,Plentiful: Bowls & Salads,"2395 Telegraph Ave, Berkeley CA 94704-1615, United States",p
110021,207621,Pizza Joint,"3088 Balboa St, San Francisco, CA 94121, USA",theoriginalpizzajoint
5084,25138316,Gong cha,"15405 E Briarwood Cir b20, Aurora, CO 80016, USA",bobakingsf
384134,23405223,Deep Purpl,"1137 W Sheridan Rd, Chicago, IL 60660, USA",deeppurplacai
11238949,28955068,Plentiful: Bowls & Salads,"468 Nutt Rd, Phoenixville PA 19460-3340, United States",p
65542,303720,Wing Daddy's,"2763 E Eldorado Pkwy, Little Elm, TX 75068, USA",wingdaddys
41564,64832,Amorino Gelato,"4444 Westheimer Rd suite c150, Houston, TX 77027, USA",amorinousa
14154279,35601663,Barry's Fuel Bar,"419 Lafayette St, New York NY 10003-0091, United States",barrys
12019,134385,Wayback Burgers,"2306 Hempstead Turnpike, East Meadow, NY, 11554, USA",waybackburgers
12019,749241,Wayback Burgers,"122 E Glenwood Ave, Smyrna, DE 19977, USA",waybackburgers
5018,603351,Salata Salad Kitchen,"250 E Basse Rd, San Antonio, TX 78209, USA",salatasalads
278,24973900,LeQuy,"3906 Middlefield Rd, Palo Alto, CA 94306, USA",creasian.lonetree
1015170,2572701,The Well,"440 W 2nd St, Austin, TX 78701, USA",eatwellatx
11481148,33441305,Nautical Bowls,"30955 Woodward Ave Ste 425, Royal Oak MI 48073-0801, United States",nauticalbowlsaustin
14089,368549,Pollo Campero,"188 Border St, East Boston, MA 02128, USA",camperousa
58162,338947,Bill Miller BBQ,"New Braunfels, TX 78130, USA",BillMillerBarBQ
369966,26227015,Happy Chicks,"10611 Research Blvd, Austin, TX 78759, USA",happychicksatx
16509,1565377,Ben & Jerry's,"9301 Tampa Ave #121, Northridge, CA 91324, USA",benandjerrys
12626898,29020131,Kura Revolving Sushi Bar,"250 Gibson Dr, Roseville CA 95678-5881, United States",kurasushi_usa
39200,61477,Roppolo's Pizzeria,"316 E 6th St, Austin, TX 78701, USA",roppolos_pizzeria
42026,26045466,Teriyaki Madness,"7068 Charlotte Pike, Nashville, TN 37209, USA",teriyakimadnessroundrock
27138,23001106,Le Marais Bakery,"1138 Sutter St, San Francisco, CA 94109, USA",lemaraisbakery
109969,207566,Papa Mak's Burgers,"3755 Noriega St, San Francisco, CA 94122, USA",papamaksburgers
39141,124974,Mighty Fine Burgers Fries and Shakes,"201 University Oaks Blvd, Round Rock, TX 78665, USA",mightyfinetx
2477,1344465,See's Candies,"3111 W Chandler Blvd, Chandler, AZ 85226, USA",seescandies
8561,31487355,Vitality Bowls,"3320 Hamilton Mill Rd, Buford GA 30519-4005, United States",vitalitybowls
707106,1110217,Gong Cha,"24 Southbridge St, Worcester, MA 01608, USA",gongchatea
14089,24534231,Pollo Campero,"946 Pleasant Hill Rd, Lawrenceville, GA 30044, USA",camperousa
2477,1344499,See's Candies,"1205 W Renaissance Pkwy, Rialto, CA 92376, USA",seescandies
12019,24982383,Wayback Burgers,"3301 SW 104th St, Oklahoma City, OK 73159, USA",waybackburgers
944,34042993,Mendocino Farms,"10667 NE 4th St, Bellevue, WA 98004, USA",mendocinofarms
5018,23374173,Salata Salad Kitchen,"1705 N Town E Blvd, Mesquite, TX 75150, USA",salatasalads
22374,22979003,The Chieftain Irish Pub & Restaurant,"198 5th St, San Francisco, CA 94103, USA",chieftainpubsf
10,7784,Crepevine,"624 Irving Street, San Francisco, CA 94122, USA",crepevinerestaurants
5018,27531609,Salata Salad Kitchen,"4880 Eldorado Pkwy, Frisco, TX 75033, USA",salatasalads
16509,258945,Ben & Jerry's,"304 S State St, Ann Arbor, MI 48104, USA",benandjerrys
38871,1102391,Jeni's Splendid Ice Creams,"4021 Aspen Grove Dr, Franklin, TN 37067, United States",jenisicecreams
1430,9694,Pressed,"201 North Larchmont Boulevard, Los Angeles, CA 90004, USA",pressedjuicery
28022,1012498,Fogo de Chão,"1775 Tysons Blvd #50, McLean, VA 22102, USA",fogo
39328,63253,Ike's Love & Sandwiches,"302 N San Fernando Blvd Burbank, CA 91502",ikessandwiches
11481148,25008496,Nautical Bowls,"608 Long Point Rd F, Mt Pleasant, SC 29464, USA",nauticalbowlsaustin
13086220,32880407,Sabor Venezolano,"3438 Sw 8th St, Miami FL 33135-4108, United States",saborvenezolano
82085,25006999,bb.q Chicken,"2625 Old Denton Rd Suite 582, Carrollton, TX 75007, USA",bbqchickenus
401656,896107,Stix,"1155 Taraval St, San Francisco, CA 94116, USA",stixsf
11408055,24533488,Shuggie's Trash Pie + Natural Wine,"3349 23rd St, San Francisco, CA 94110, USA",shuggiespizza
405071,908200,Noren Izakaya,"1701 Powell St, San Francisco, CA 94133, USA",norenizakaya
14141571,293013,Graveyard Teapioca Lounge,"9600 S IH 35 Frontage Rd, Austin, TX 78748, USA",TeapiocaLounge
11745542,25765326,Chef's Truck,"1379 4th St, San Francisco, CA 94158, USA",chefsfoodtruck
1430,665786,Pressed,"1710 R St, Sacramento, CA 95811, USA",pressedjuicery
11773775,26121154,Feng Cha,"7451 N Beach St ste 180, Fort Worth, TX 76137, USA",fengchaaustin
294632,24711486,Tiff's Treats,"5760 State Hwy 121 #155, Plano, TX 75024, USA",tiffstreats
5207,1164193,Sharetea ( Richmond),"23572 El Toro Rd ste c, Lake Forest, CA 92630, USA",shareteametreon
8561,32951741,Vitality Bowls,"5105 Eldorado Pkwy, Frisco, TX 75033, USA",vitalitybowls
39328,422152,Ike's Love & Sandwiches,"1318 Ocean St, Santa Cruz, CA 95060, USA",ikessandwiches
5084,1178444,Gong cha,"22 Richard Way SW #14A, Calgary, AB T3E 7M9, Canada",bobakingsf
11827561,26110369,Georgian Cheese Boat,"1224 Grant Ave, San Francisco, CA 94133, USA",tamarigeorgiancuisine
12019,2617150,Wayback Burgers,"2425 75th St b4, Darien, IL 60561, USA",waybackburgers
7011,625233,Burma Love,"8 Mint Plaza, San Francisco, CA 94103, USA",burmalove
12802932,27996738,Joi Asian Bistro,"3120 Palm Way, Austin TX 78758-7896, United States",joiatx
11227532,23592562,The Front Page,"1023 Springdale Rd, Austin, TX 78721, USA",thefrontpageatx
36522,1657287,Teaspoon,"2030 Douglas Blvd #16, Roseville, CA 95661, USA",teaspoonlife
14089,34807909,Pollo Campero,"805 Cypress Pkwy, Kissimmee FL 34759-3408, United States",camperousa
82085,27494749,bb.q Chicken,"6061 El Cajon Blvd suite 4, San Diego, CA 92115, USA",bbqchickenus
11496028,24782709,Hanh's Homemade Mekong Delta Cuisine,"7800 S 1st St, Austin, TX 78745, USA",hanh_homemade_llc
12626898,27556237,Kura Revolving Sushi Bar,"2925 Buford Dr Suite 1105, Buford, GA 30519, USA",kurasushi_usa
5207,23698790,Sharetea ( Richmond),"4199 Campus Dr ste c, Irvine, CA 92612, USA",shareteametreon
11216764,2488891,Bluestone Lane Café,"575 Main St, Armonk, NY 10504, USA",bluestonelane
1125,24925449,Which Wich,"849 E Commerce St #675, San Antonio, TX 78205, USA",whichwich
11706777,25491630,Burma Love - Teakwood,"399 Grove St, San Francisco, CA 94102, USA",burma.teakwood
9144,2535245,"Cheba Hut ""Toasted"" Subs","3412 N Sheffield Ave, Chicago, IL 60657, USA",chebahut
155613,297068,Angel Cafe & Deli,"700 Geary St, San Francisco, CA 94109, USA",angelcafedeli
6976,68046,Paris Baguette,"4800 Irvine Blvd, Irvine, CA 92620, USA",parisbaguette_usa
11371154,24439027,Catering by Royal Indian Cuisine,"1740 Fillmore St, San Francisco, CA 94115, USA",royalindiansf
16509,24756894,Ben & Jerry's,"138 National Plaza, Oxon Hill, MD 20745, USA",benandjerrys
5207,865130,Sharetea ( Richmond),"4922 Trojan Dr Ste 170, Charlotte, NC 28278, USA",shareteametreon
1125,185285,Which Wich,"1155 Union Cir, Denton, TX 76203",whichwich
12893993,28630518,The Epicurean Trader,"1909 Union St, San Francisco CA 94123-4245, United States",theepicureantrader
19263,799934,Joe & The Juice,"1758 Broadway, New York, NY 10019, USA",joeandthejuice
10765,33869519,Menchie’s Frozen Yogurt,"3107 S Interstate 35 Ste 753, Round Rock TX 78664-8022, United States",mymenchies
5015,340075,Hopdoddy Burger Bar,"5510 Morningside Dr #100, Houston, TX 77005",hopdoddy
294632,24366961,Tiff's Treats,"2571 Blackmon Dr Suite 110, Decatur, GA 30033, USA",tiffstreats
310934,681950,Wooden Spoon,"2172 Market St, San Francisco, CA 94114, USA",woodenspoonsf
42026,924032,Teriyaki Madness,"3155 W Shore Dr #30, Holland, MI 49424, USA",teriyakimadnessroundrock
58904,31562563,Teapioca Lounge,"1914 Wescott Ave Suite 120, Sugar Land, TX 77479, USA",teapiocasouthpark
6976,31667174,Paris Baguette,"9110 Bellaire Blvd Ste C, Houston TX 77036-4627, United States",parisbaguette_usa
25656,30941463,54th Street,"127 Ralph Ablanedo Dr, Austin TX 78745, United States",54thstreet
389355,25505017,Aviator Pizza & Drafthouse,"1905 Aldrich St Suite 115, Austin, TX 78723, USA",aviatorpizza
96900,220139,Luna's Coffee House,"1101 Potrero Ave, San Francisco, CA 94110, USA",lunascoffeehouse
20726,635018,Gus's World Famous Fried Chicken,"2201 2nd Ave S, Birmingham, AL 35233, USA",gusfriedchicken
6976,1138693,Paris Baguette,"315 Castro St, Mountain View, CA 94041, USA",parisbaguette_usa
82085,32788033,bb.q Chicken,"13 Godwin Ave, Ridgewood NJ 07450-3746, United States",bbqchickenus
10765,31898547,Menchie’s Frozen Yogurt,"2134 E Riverside Dr Ste B4, St George UT 84790-2637, United States",mymenchies
38871,408463,Jeni's Splendid Ice Creams,"3404 N Southport Ave, Chicago, IL 60657, USA",jenisicecreams
5084,24667864,Gong cha,"567 Yonge St, Toronto, ON M4Y 1Z2, Canada",bobakingsf
15494,767104,"Snooze, an A.M. Eatery","255 E Basse Rd Suite #160, San Antonio, TX 78209, USA",snoozeameatery
103224,623637,Bao'd Up,"23119 Colonial Pkwy Suite B-25, Katy, TX 77449, USA",baodup
10928,911190,Another Broken Egg Cafe,"4289 Legendary Dr Suite J118, Destin, FL 32541, USA",anotherbrokenegg
260,24038520,Pacific Catch,"300 W McKinley Ave f 170, Sunnyvale, CA 94086, USA",pacificcatch
1430,145264,Pressed,"604 1st Ave N, Seattle, WA 98109, USA",pressedjuicery
78417,24633066,Happy Lemon,"4214 Piedmont Ave, Oakland, CA 94611, USA",happylemon.usa
13968907,49671,OSHA Thai - Embarcadero,"4 Embarcadero Center, San Francisco, CA 94111, USA",oshathai
31562,26207285,85C Bakery Cafe,"1450 Ala Moana Blvd #3230, Honolulu, HI 96814, USA",85cbakerycafe
7113,31330908,Pappasito's Cantina,"10409 Interstate 10 Frontage Rd, Houston, TX 77024, USA",pappasitos
8561,648003,Vitality Bowls,"1053 Cochrane Rd #180, Morgan Hill, CA 95037, USA",vitalitybowls
11240100,23657176,Kuway's Banh Mi,"1309 W 45th St, Austin, TX 78756, USA",kuwayatx
5018,24814351,Salata Salad Kitchen,"2401 TX-121, Euless, TX 76039, USA",salatasalads
1430,675219,Pressed,"2222 McKinney Ave #230, Dallas, TX 75201, USA",pressedjuicery
358428,31847315,Two Hands,"230 Franklin Rd Ste 1302, Franklin TN 37064-2256, United States",twohandsrestaurant
10765,1142565,Menchie’s Frozen Yogurt,"999 E Basse Rd #177, San Antonio, TX 78209, USA",mymenchies
2351,8798,SusieCakes,"2109 Chestnut Street, San Francisco, CA 94123, USA",susiecakesbakery
1262,25829688,Bambu Dessert Drinks,"15408 Sheldon Rd, Township of Northville, MI 48168, USA",bambusf
5207,23241311,Sharetea ( Richmond),"13350 Dallas Pkwy, Dallas, TX 75240, USA",shareteametreon
210732,539964,Austin Java,"5404 Menchaca Rd, Austin, TX 78745, USA",austinjava
286958,293516,Old Mandarin Islamic,"3132 Vicente St, San Francisco, CA 94116, USA",oldmandarinislamic
36522,26069078,Teaspoon,"110 F St, Davis, CA 95616, USA",teaspoonlife
38871,24470059,Jeni's Splendid Ice Creams,"173 Bakery Square Blvd, Pittsburgh, PA 15206, USA",jenisicecreams
13008321,29931845,Little Aloha,"1115 Taraval St, San Francisco CA 94116-2441, United States",littlealohasf
38871,408446,Jeni's Splendid Ice Creams,"1198 Howell Mill Rd, Atlanta, GA 30318, USA",jenisicecreams
11773775,27467624,Feng Cha,"1029 N Saginaw Blvd, Saginaw TX 76179-1101, United States",fengchaaustin
5275,1564522,True Food Kitchen,"390 Hackensack Ave Ste 186, Hackensack, NJ 07601, USA",livetruefood
42553,28463446,Bush's Chicken,"710 W McGregor Dr, McGregor TX 76657-1208, United States",bushschickenatx
15494,333135,"Snooze, an A.M. Eatery","8861 Villa La Jolla Dr, La Jolla, CA 92037, USA",snoozeameatery
10765,1436739,Menchie’s Frozen Yogurt,"4502 S Steele St Ste 1505, Tacoma, WA 98409, USA",mymenchies
16509,32180957,Ben & Jerry's,"5 Woodfield Mall Unit F121, Schaumburg IL 60173-5012, United States",benandjerrys
82085,24290745,bb.q Chicken,"23121 Lyons Ave, Santa Clarita, CA 91321, USA",bbqchickenus
11109838,23602992,Radix House Coffee,"2701 W William Cannon Dr, Austin, TX 78745, USA",radixhouse
39310,31669961,Via 313 Pizzeria,"5826 S Wadsworth Blvd, Littleton CO 80123-2360, United States",via313pizza
982100,24067873,Arepas Inc.,"3198 16th St, San Francisco, CA 94103, USA",arepas_sanfco
13759557,32202381,"Bravo Pizza & TapHouse, LLC","5145 Mission St, San Francisco CA 94112-3421, United States",OriginalBravoPizzaSF
16962,25370,Spiazzo Ristorante,"33 W Portal Ave, San Francisco, CA 94127, USA",spiazzo_sf
94886,2835094,Lady M Cake Boutique,"219 Bellevue Square, Bellevue, WA 98004, USA",ladymcakesxbaccarat
9144,24636278,"Cheba Hut ""Toasted"" Subs","2202 S Kinnickinnic Ave, Milwaukee, WI 53207, USA",chebahut
19263,799933,Joe & The Juice,"2460 Broadway, New York, NY 10025, USA",joeandthejuice
1515,49374,Grimaldi’s Coal Brick-Oven Pizzeria,"12848 Queensbury Ln, Houston, TX 77024, USA",grimaldispizzeria
16847,874297,Modern Market Eatery,"3260 S College Ave #150, Fort Collins, CO 80525, USA",modernmarket
11238949,30510400,Plentiful: Bowls & Salads,"1201 Hooper Ave Ste D, Toms River, NJ 08753, USA",p
944,573517,Mendocino Farms,"167 Hamilton Ave, Palo Alto, CA 94301, USA",mendocinofarms
14089,31327459,Pollo Campero,"3710 W 85th St, Hialeah FL 33018, United States",camperousa
11216764,2837918,Bluestone Lane Café,"321 Manhattan Beach Blvd, Manhattan Beach, CA 90266, USA",bluestonelane
401385,26268346,Daeho Kalbijjim & Beef Soup,"3703 150th Ave SE, Bellevue, WA 98006, USA",daeho_official
10765,1420983,Menchie’s Frozen Yogurt,"5724 N University Dr, Tamarac, FL 33321, USA",mymenchies
294632,24711945,Tiff's Treats,"593 Bay Area Blvd, Webster, TX 77598, USA",tiffstreats
45294,25040394,Handel's Homemade Ice Cream,"7345 Arroyo Crossing Pkwy, Las Vegas, NV 89118, USA",handelsandersonmill
1430,26107436,Pressed,"6000 Glades Rd, Boca Raton FL 33431-7208, United States",pressedjuicery
82085,24422349,bb.q Chicken,"319 W Ponce de Leon Ave #40, Decatur, GA 30030, USA",bbqchickenus
82085,30831104,bb.q Chicken,"7700 E Kellogg Dr ste 1014, Wichita, KS 67207, USA",bbqchickenus
78417,23171442,Happy Lemon,"851 Middlefield Rd, Redwood City, CA 94063, USA",happylemon.usa
231,938891,The Posh Bagel,"25055 Blue Ravine Rd Suite#110, Folsom, CA 95630, USA",theposhbagel_embarcadero
8561,30662554,Vitality Bowls,"3030 E Broad St Ste 120, Mansfield TX 76063-6698, United States",vitalitybowls
11723353,35193725,Mr.ChingonLLC,"12005 W Us Highway 290, Austin TX 78737-2809, United States",mrchingontaqueria
42380,66491,El Pollo Rico,"1717 S Pleasant Valley Rd Suite #280; Austin, TX 78741, USA",polloricotx
11773775,933517,Feng Cha,"6235 Oakmont Blvd, Fort Worth, TX 76132, USA",fengchaaustin
207519,525215,Spinning Dough,"1501 Cortland Ave, San Francisco, CA 94110, USA",spinning_dough
13362559,30999449,Sushi Zone,"1815 Market St, San Francisco CA 94103-1107, United States",sushizonesf
10928,208579,Another Broken Egg Cafe,"141 Park at N Hills St, Raleigh, NC 27609, USA",anotherbrokenegg
12019,427755,Wayback Burgers,"45 Division Ave, Eugene, OR 97404, USA",waybackburgers
1125,2389055,Which Wich,"15608 WC Commons Way, Midlothian, VA 23113, USA",whichwich
42553,770080,Bush's Chicken,"1425 N New Rd, Waco, TX 76710, USA",bushschickenatx
6612,8123,Nabe,"1325 9th Ave, San Francisco, CA 94122, USA",nabe.sf
12019,25657933,Wayback Burgers,"3600 Rogers Branch Rd, Wake Forest, NC 27587, USA",waybackburgers
819179,24151994,Kerbey Lane Cafe,"5515 N Loop 1604 W Acc Rd, San Antonio, TX 78249, USA",kerbeylanecafe
4076,241121,Benihana,"18601 Hubbard Dr, Dearborn, MI 48126, USA",benihana
19263,799936,Joe & The Juice,"247 Columbus Ave, New York, NY 10023, USA",joeandthejuice
33875,226486,The Original Mels Diner,"565 Howe Ave, Sacramento, CA 95825, USA",theoriginalmelsdiner
2477,1271737,See's Candies,"24325 Magic Mountain Pkwy, Valencia, CA 91355, USA",seescandies
12626898,32570355,Kura Revolving Sushi Bar,"9300 Six Pines Dr Ste 100a, The Woodlands TX 77380-1125, United States",kurasushi_usa
11133045,24381073,El Chilito,"2219 Manor Rd, Austin, TX 78722, USA",elchilito_atx
48185,78385,Jim's Restaurant,"7101 TX-71, Austin, TX 78735, USA",jimsrestaurants
707106,30163278,Gong Cha,"Newport Mall, 30 Mall Dr W, Jersey City NJ 07310-1615, United States",gongchatea
2477,774006,See's Candies,"5802 College Ave, Oakland, CA 94618, USA",seescandies
194754,407237,The Port of Peri Peri,"4151 McCoy Dr, Aurora, IL 60504, USA",portofperiperi
5015,360243,Hopdoddy Burger Bar,"2033 E Camelback Rd, Phoenix, AZ 85016, USA",hopdoddy
11773775,30088027,Feng Cha,"1020 Mayfield Rd, Grand Prairie TX 75052-6024, United States",fengchaaustin
2477,1271730,See's Candies,"2530 Sand Creek Rd, Brentwood, CA 94513, USA",seescandies
38871,24499916,Jeni's Splendid Ice Creams,"112 Krog St NE, Atlanta, GA 30307, USA",jenisicecreams
155824,297271,Ocean Thai,"2545 Ocean Ave, San Francisco, CA 94132, USA",oceanthaisf
36500,538265,DeSano Pizzeria Napoletana,"8129 Sawyer Brown Rd, Nashville, TN 37221, USA",desanopizzaaustin
42026,1438570,Teriyaki Madness,"7074 W 105th St, Overland Park, KS 66212, USA",teriyakimadnessroundrock
15494,333132,"Snooze, an A.M. Eatery","4901 E Ray Rd #120, Phoenix, AZ 85044, USA",snoozeameatery
3256,221221,Gyu-Kaku Japanese BBQ,"805 3rd Ave #2, New York, NY 10022, USA",gyukakuaustin
2817,666474,Super Duper Burgers,"5959 Shellmound St, Emeryville, CA 94608, USA",superduperburgers
686456,24222563,Yi Fang Taiwan Fruit Tea,"1737 Post St #367, San Francisco, CA 94115, USA",yifangtea.official
11481148,24412224,Nautical Bowls,"1322 5th St SE, Minneapolis, MN 55414, USA",nauticalbowlsaustin
12019,164565,Wayback Burgers,"185 Boston Post Rd, Orange, CT 06477, USA",waybackburgers
39328,26206502,Ike's Love & Sandwiches,"1335 S Alma School Rd, Mesa, AZ 85210, USA",ikessandwiches
202659,418745,Market Street Pizza,"13000 N Interstate Hwy 35 #210, Austin, TX 78753, USA",marketstreetpizzatx
231,24648706,The Posh Bagel,"20665 Rustic Dr, Castro Valley, CA 94546, USA",theposhbagel_embarcadero
78417,799096,Happy Lemon,"2701 Stoneridge Dr, Pleasanton, CA 94588, USA",happylemon.usa
48436,79012,The Crafty Fox Ale House,"1700 Mission St, San Francisco, CA 94103, USA",thecraftyfoxsf
10765,34615633,Menchie’s Frozen Yogurt,"9986 N Newport Hwy, Spokane WA 99218-1368, United States",mymenchies
11086052,22997846,JJamPPong,"5249 Mission St, San Francisco, CA 94112, USA",jjamppong_restaurant
36522,24077682,Teaspoon,"164 Market Pl, San Ramon, CA 94583, USA",teaspoonlife
10928,31248031,Another Broken Egg Cafe,"8129 Sawyer Brown Rd # M2-404, Bellevue TN 37221-1433, United States",anotherbrokenegg
11810872,26061535,Souvenir Coffee,"1415 Larkin St, San Francisco, CA 94109, USA",souvenir_coffee
11073489,22954704,Mr. DIgby's Bar and Restaurant,"1199 Church St, San Francisco, CA 94114, USA",mrdigbys
45294,31569901,Handel's Homemade Ice Cream,"580 Peachtree Pkwy Ste 101, Cumming GA 30041-6820, United States",handelsandersonmill
10765,29492182,Menchie’s Frozen Yogurt,"30211 Golden Lantern Ste A, Laguna Niguel CA 92677-5982, United States",mymenchies
707106,25063689,Gong Cha,"9410 TX-151 Ste 105, San Antonio, TX 78251, USA",gongchatea
1125,1723816,Which Wich,"23 S Dubuque St, Iowa City, IA 52240, USA",whichwich
7290,271084,Kolache Factory [Corporate-7290],"10535 Westheimer Rd, Houston, TX 77042, USA",kolachefactory
6976,35180279,Paris Baguette,"2a - 5935 Mavis Rd, Mississauga ON L5R 3T7, Canada",parisbaguette_usa
11794081,26007921,Gangnam Korean BBQ,"1100 Little Texas Ln, Austin, TX 78745, USA",gangnamkrnbbq
14089,365918,Pollo Campero,"2110 W Walnut St, Rogers, AR 72756, USA",camperousa
12879434,28429548,Union Square Pizza & Kitchen,"284 O'Farrell St, San Francisco, CA 94102, USA",unionsquare_pk
36522,23801993,Teaspoon,"325 Summit Blvd, Birmingham, AL 35243, USA",teaspoonlife
12851313,31281441,Pappadeaux Seafood Kitchen,"6319 N Interstate 35, Austin TX 78752-3805, United States",pappadeaux
16847,27893,Modern Market Eatery,"1161 E Southlake Blvd Suite 260, Southlake, TX 76092, USA",modernmarket
11481148,28535330,Nautical Bowls,"2527 Albany Ave, West Hartford CT 06117-2308, United States",nauticalbowlsaustin
11773775,27876174,Feng Cha,"5301 Main St, Del City, OK 73115, USA",fengchaaustin
39328,62303,Ike's Love & Sandwiches,"90 Skyport Drive, San Jose, CA 95110, USA",ikessandwiches
303295,650612,Kinara fusion kitchen,"607 Geary St, San Francisco, CA 94102, USA",kinarafusionsf
1125,24311594,Which Wich,"5102 N Nevada Ave, Colorado Springs, CO 80918, USA",whichwich
10928,28393769,Another Broken Egg Cafe,"1550 Laskin Rd, Virginia Beach, VA 23451, USA",anotherbrokenegg
6592,782196,Bacon Bacon,"205a Frederick St, San Francisco, CA 94117, USA",baconbaconsf
12626898,27910272,Kura Revolving Sushi Bar,"1065 W Bay Area Blvd #230, Webster, TX 77598, USA",kurasushi_usa
12978201,29678934,Question Mark Bar & Restaurant,"312 Harriet St, San Francisco, CA 94103, USA",questionmarkbarsf
36522,24035568,Teaspoon,"10550 Craftsman Way #183, San Diego, CA 92127, USA",teaspoonlife
14154279,35600533,Barry's Fuel Bar,"11677 San Vicente Blvd Ste 105, Los Angeles CA 90049-5126, United States",barrys
42553,25489512,Bush's Chicken,"3815 Clear Creek Rd, Killeen, TX 76549, USA",bushschickenatx
294632,29328797,Tiff's Treats,"5301 N Navarro St, Victoria TX 77904-1760, United States",tiffstreats
1515,49290,Grimaldi’s Coal Brick-Oven Pizzeria,"9788 W Northern Ave, Peoria, AZ 85345, USA",grimaldispizzeria
2477,2277929,See's Candies,"503a 5 Cities Dr, Pismo Beach, CA 93449, USA",seescandies
239187,640298,New Thai Elephant,"393 Bay St, San Francisco, CA 94133, USA",new_thai_elephant
20726,26006055,Gus's World Famous Fried Chicken,"126 Lovell Rd, Knoxville, TN 37934, USA",gusfriedchicken
11773775,24501461,Feng Cha,"230 N Denton Tap Rd Ste 109, Coppell, TX 75019, USA",fengchaaustin
198166,809098,Hook & Reel Cajun Seafood & Bar,"385 Boston Post Rd, Orange, CT 06477, USA",hookandreel.usa
14141571,31562567,Graveyard Teapioca Lounge,"940 W University Ave, Georgetown TX 78626-5428, United States",TeapiocaLounge
42324,25524039,Austin's Pizza,"10900 Research Blvd, Austin, TX 78759, USA",austinspizza
385391,865622,Monza Pizzeria,"1934 Ocean Ave, San Francisco, CA 94127, USA",monza_pizzeria
10765,954979,Menchie’s Frozen Yogurt,"11057 Pines Blvd Ste 420, Pembroke Pines, FL 33026, USA",mymenchies
13907449,32761513,Black Gold,"1521 W Anderson Ln, Austin TX 78757-1452, United States",blackgoldatx
4576,2181565,Beard Papa's,"1143 Woodruff Rd f1, Greenville, SC 29607, USA",beardpapas
155784,297570,Castillito Yucateco,"2052 Mission St, San Francisco, CA 94110, USA",taqueria.castillito.yuca
21216,49368,Snarf's,"1729 E Evans Ave, Denver, CO 80210, USA",snarfssandwichesatx
82085,24144575,bb.q Chicken,"11301 Lakeline Blvd #110, Austin, TX 78717, USA",bbqchickenus
25656,167336,54th Street,"5310 S Lindbergh Blvd, St. Louis, MO 63123, USA",54thstreet
2817,10998,Super Duper Burgers,"2201 Chestnut St, San Francisco, CA 94123, USA",superduperburgers
12019,61869,Wayback Burgers,"5098 S Federal Blvd, Englewood, CO 80110, USA",waybackburgers
7290,25953117,Kolache Factory [Corporate-7290],"9079 Katy Fwy, Houston, TX 77024, USA",kolachefactory
10928,1797498,Another Broken Egg Cafe,"1412 Richmond Rd, Williamsburg, VA 23185, USA",anotherbrokenegg
43975,429492,Pokeworks,"122 W. Main Street, Durham, NC 27701",pokeworksco
11238949,31532852,Plentiful: Bowls & Salads,"3311 Regent Blvd #111, Irving, TX 75063, USA",p
16509,23156974,Ben & Jerry's,"1 Old Town Square, Fort Collins, CO 80524, USA",benandjerrys
155697,297043,Crostini & Java,"899 Hyde St, San Francisco, CA 94109, USA",crostiniandjava
31562,48691,85C Bakery Cafe,"2700 Alton Pkwy, Irvine, CA 92606, USA",85cbakerycafe
228537,34406137,The Salty Donut,"2311 12th Ave S Ste 105, Nashville TN 37204-2768, United States",thesaltydonut
5084,24055612,Gong cha,"10236 103 St NW, Edmonton, AB T5J 0Y8, Canada",bobakingsf
13877993,32656995,Venexico Foodtruck,"1502 Massengale St, Pflugerville, TX 78660, USA",venexico.foodtruck
424188,960959,Cafe La Tazita,"470 Post St, San Francisco, CA 94102, USA",cafelatazita
70717,26286220,Poke-Poke,"2601 E Cesar Chavez St, Austin, TX 78702, USA",pokepokebowls
12019,674374,Wayback Burgers,"5230 Sunset Blvd, Lexington, SC 29072, USA",waybackburgers
14141571,32011948,Graveyard Teapioca Lounge,"1504 Aquarena Springs Dr Ste 306, San Marcos TX 78666-7753, United States",TeapiocaLounge
39086,35209195,Jo's Coffee,"1102 Sabine St, Austin TX 78701-1931, United States",joscoffee
14087855,33439665,Lefty’s Pizza Kitchen,"18101 W Highway 71, Austin TX 78738-2716, United States",leftyspizzakitchenaustin
1000554,25641499,Zero&,"1355 S Nogales St, Rowland Heights, CA 91748, USA",0andco
303821,900518,ROOH,"473 University Ave, Palo Alto, CA 94301, USA",roohbayarea
11481148,26344593,Nautical Bowls,"117 NW 136th Ave, Sunrise, FL 33325, USA",nauticalbowlsaustin
4076,941536,Benihana,"1496 Old Bayshore Hwy, Burlingame, CA 94010, USA",benihana
28022,24359835,Fogo de Chão,"11915 Democracy Dr, Reston, VA 20190, USA",fogo
294632,35078381,Tiff's Treats,"8556 W 3rd St, Los Angeles CA 90048-4122, United States",tiffstreats
3936,2666654,Blondie's Pizza,"865 Market St, San Francisco, CA 94103, USA",theoriginal.blondiespizza
58904,459875,Teapioca Lounge,"140 Montecillo Blvd Suite A3; El Paso, TX 79912",teapiocasouthpark
16847,24840,Modern Market Eatery,"1000 S Colorado Blvd Ste 101, Glendale, CO 80246, USA",modernmarket
58904,32114563,Teapioca Lounge,"1713 Fm 685 Ste 140, Pflugerville TX 78660-4298, United States",teapiocasouthpark
10765,24889980,Menchie’s Frozen Yogurt,"5619 W Loop 1604 N #126, San Antonio, TX 78251, USA",mymenchies
39046,27913202,Fresa's,"1703 S 1st St, Austin, TX 78704, USA",fresaschicken
13016100,31016726,Uchiko,"7801 Windrose Ave, Plano TX 75024-0416, United States",uchikorestaurants
4687,732661,Humphry Slocombe Ice Cream,"60 Morris St., San Francisco, CA 94107",humphryslocombe
14089,31325203,Pollo Campero,"9101 North Fwy, Fort Worth TX 76177-7617, United States",camperousa
580,948,Tender Greens,"13455 Maxella Ave, Marina Del Rey CA 90292-5682, United States",tendergreens
43975,233548,Pokeworks,"2055 Westheimer Rd suite 100, Houston, TX 77098, USA",pokeworksco
335623,297442,Taqueria Dos Charros,"55 Cambon Dr, San Francisco, CA 94132, USA",taqueriadoscharrossf
2351,2540,SusieCakes,"4714 Lincoln Blvd, Marina Del Rey, CA 90292, USA",susiecakesbakery
389355,25505089,Aviator Pizza & Drafthouse,"18810 US-290 #202, Elgin, TX 78621, USA",aviatorpizza
14089,33761549,Pollo Campero,"12619 Tomball Pkwy, Houston, TX 77086, USA",camperousa
198166,23129285,Hook & Reel Cajun Seafood & Bar,"8 Orange Plaza Ln, Middletown, NY 10940, USA",hookandreel.usa
38871,1794408,Jeni's Splendid Ice Creams,"801 Town and Country Blvd, Houston, TX 77024, USA",jenisicecreams
707106,33955855,Gong Cha,"2601 E Main St Ste 11, Spartanburg SC 29307-1424, United States",gongchatea
20726,61332,Gus's World Famous Fried Chicken,"117 San Jacinto Blvd, Austin, TX 78701, USA",gusfriedchicken
42026,33544347,Teriyaki Madness,"633 N Montana Ave, Helena, MT 59601, USA",teriyakimadnessroundrock
267425,25067998,Alpha Dessert Juice Cafe,"5711 Hillcroft St, Houston, TX 77036, USA",alphadessertjuicecafeaustin
11785206,25983446,Oodle Yunnan Rice Noodle,"3420 Balboa St, San Francisco, CA 94121, USA",oodle.sf
45294,1503807,Handel's Homemade Ice Cream,"1207 E Market St, Akron, OH 44305, USA",handelsandersonmill
14089,24046730,Pollo Campero,"1477 N Azusa Ave, Covina, CA 91722, USA",camperousa
48185,250284,Jim's Restaurant,"302 TX-1604 Loop, San Antonio, TX 78245, USA",jimsrestaurants
58904,35296997,Teapioca Lounge,"13647 Eastlake Blvd Ste B201, Horizon City TX 79928-7472, United States",teapiocasouthpark
127503,25671649,Salt & Straw Craft Made Ice Cream,"749 Lincoln Rd, Miami Beach, FL 33139, USA",saltandstraw
2477,24950715,See's Candies,"2445 Fair Oaks Blvd, Sacramento, CA 95825, USA",seescandies
6976,25659615,Paris Baguette,"18374 Cottonwood Dr, Parker, CO 80134, USA",parisbaguette_usa
600398,1285736,Joy Hing BBQ rest,"710 Kearny St, San Francisco, CA 94108, USA",joyhingbbq
82085,24943192,bb.q Chicken,"7600 Dr Phillips Blvd #102, Orlando, FL 32819, USA",bbqchickenus
11470938,29708784,Crunchy Munchy,"42197 Margarita Rd, Temecula CA 92591-3203, United States",crunchymunchychicken
14089,370743,Pollo Campero,"1812 N Story Rd, Irving, TX 75061, USA",camperousa
38871,408656,Jeni's Splendid Ice Creams,"389 N Euclid Ave, St. Louis, MO 63108, USA",jenisicecreams
507813,35148107,XENiA: Mediterranean Kitchen,"16711 Hawthorne Blvd, Lawndale, CA 90260, USA",eatxenia
12607410,27490938,CHOME,"3601 26th St, San Francisco, CA 94110, USA",chome94110
12803032,27996909,Dumpling Kitchen Noe Valley,"3913 24th St, San Francisco, CA 94114, USA",dumplingkitchenca
107128,199248,Yasijang,"800 Van Ness Ave, San Francisco, CA 94109, USA",theyasijang
4076,105962,Benihana,"3261 SW 160th Ave, Miramar, FL 33027, USA",benihana
3289,24584079,The Melt,"43 Railroad Ave, Danville, CA 94526, USA",themelt
12973396,29653228,Katsuo & Kombu,"559 Divisadero St, San Francisco CA 94117-2212, United States",katsuo_and_kombu
1053908,27723425,Wabi Sabi SF,"1517 Pine St, San Francisco, CA 94109, USA",wabi_sabi_sf_at_soma
8561,24018576,Vitality Bowls,"2438 S Recker Rd suite 102, Gilbert, AZ 85295, USA",vitalitybowls
2477,1269073,See's Candies,"5199 Meadowood Mall Cir, Reno, NV 89502, USA",seescandies
194754,721962,The Port of Peri Peri,"766 S Weber Rd, Bolingbrook, IL 60490, USA",portofperiperi
268812,1712775,Ramen Eurasia,"5222 Burnet Rd #400a, Austin, TX 78756, USA",eurasiaramen3